Punkt,X,Y,Z
1001,0.647,0.553,0
1002,0.651,0.563,0
1003,0.661,0.579,0
1004,0.673,0.602,0
1005,0.6839999999999999,0.625,0
1006,0.692,0.648,0
1007,0.6950000000000001,0.675,0
1008,0.696,0.704,0
1009,0.694,0.727,0
1010,0.692,0.743,0
2001,0.666,0.748,0
2002,0.692,0.741,0
2003,0.717,0.738,0
2004,0.745,0.735,0
2005,0.768,0.734,0
2006,0.775,0.735,0
2007,0.7929999999999999,0.748,0
2008,0.813,0.765,0
2009,0.8300000000000001,0.7869999999999999,0
2010,0.8320000000000001,0.798,0
2011,0.827,0.821,0
2012,0.817,0.849,0
2013,0.81,0.855,0
2014,0.786,0.862,0
2015,0.758,0.864,0
2016,0.737,0.86,0
2017,0.715,0.849,0
2018,0.6910000000000001,0.8300000000000001,0
2019,0.67,0.81,0
2020,0.648,0.79,0
3001,0.664,0.8049999999999999,0
3002,0.647,0.825,0
3003,0.626,0.844,0
3004,0.601,0.86,0
3005,0.573,0.874,0
3006,0.542,0.883,0
3007,0.509,0.887,0
3008,0.474,0.884,0
3009,0.444,0.877,0
3010,0.46699999999999997,0.857,0
3011,0.471,0.849,0
3012,0.47,0.827,0
3013,0.461,0.794,0
3014,0.449,0.8109999999999999,0
3015,0.434,0.8280000000000001,0
3016,0.418,0.8340000000000001,0
3017,0.406,0.829,0
3018,0.4,0.8180000000000001,0
3019,0.403,0.8049999999999999,0
3020,0.41000000000000003,0.796,0
3021,0.421,0.7949999999999999,0
3022,0.433,0.798,0
3023,0.44,0.8089999999999999,0
3024,0.438,0.8260000000000001,0
3025,0.421,0.839,0
3026,0.399,0.85,0
3027,0.379,0.856,0
3028,0.37,0.856,0
3029,0.394,0.869,0
3030,0.42,0.879,0
3031,0.432,0.88,0
3032,0.442,0.875,0
4001,0.458,0.798,0
4002,0.447,0.7849999999999999,0
4003,0.431,0.774,0
4004,0.405,0.772,0
4005,0.386,0.779,0
4006,0.371,0.7929999999999999,0
4007,0.363,0.8109999999999999,0
4008,0.364,0.829,0
4009,0.369,0.845,0
4010,0.375,0.854,0
4011,0.366,0.844,0
4012,0.34199999999999997,0.835,0
4013,0.303,0.8260000000000001,0
4014,0.254,0.817,0
4015,0.22699999999999998,0.81,0
4016,0.21700000000000003,0.808,0
4017,0.20900000000000002,0.8049999999999999,0
4018,0.20600000000000002,0.794,0
4019,0.21400000000000002,0.784,0
4020,0.22399999999999998,0.773,0
4021,0.23299999999999998,0.77,0
4022,0.242,0.775,0
4023,0.245,0.784,0
4024,0.242,0.7929999999999999,0
4025,0.235,0.802,0
4026,0.22999999999999998,0.806,0
4027,0.21100000000000002,0.8029999999999999,0
4028,0.20800000000000002,0.7869999999999999,0
4029,0.21100000000000002,0.769,0
4030,0.21800000000000003,0.749,0
4031,0.22699999999999998,0.724,0
4032,0.238,0.7,0
4033,0.251,0.679,0
4034,0.27,0.654,0
4035,0.28600000000000003,0.636,0
4036,0.305,0.619,0
4037,0.325,0.606,0
4038,0.351,0.594,0
4039,0.376,0.585,0
4040,0.405,0.582,0
4041,0.431,0.585,0
4042,0.454,0.594,0
4043,0.463,0.6,0
5001,0.461,0.616,0
5002,0.46,0.608,0
5003,0.463,0.6,0
5004,0.472,0.596,0
5005,0.481,0.599,0
6001,0.629,0.8420000000000001,0
6002,0.656,0.856,0
6003,0.6799999999999999,0.873,0
6004,0.6910000000000001,0.885,0
6005,0.698,0.9079999999999999,0
6006,0.704,0.9359999999999999,0
6007,0.706,0.9530000000000001,0
6008,0.704,0.962,0
6009,0.685,0.982,0
6010,0.659,0.998,0
6011,0.645,1.001,0
6012,0.63,0.997,0
6013,0.602,0.979,0
6014,0.582,0.966,0
6015,0.576,0.9590000000000001,0
6016,0.574,0.9490000000000001,0
6017,0.573,0.921,0
6018,0.571,0.875,0
7001,0.484,0.778,0
7002,0.504,0.769,0
7003,0.521,0.758,0
7004,0.536,0.744,0
7005,0.547,0.732,0
7006,0.553,0.714,0
7007,0.548,0.702,0
7008,0.536,0.6950000000000001,0
7009,0.52,0.6970000000000001,0
7010,0.511,0.708,0
7011,0.508,0.721,0
7012,0.515,0.735,0
7013,0.529,0.74,0
7014,0.545,0.731,0
7015,0.557,0.716,0
7016,0.5660000000000001,0.698,0
7017,0.569,0.6890000000000001,0
7018,0.579,0.71,0
7019,0.588,0.732,0
7020,0.591,0.748,0
7021,0.591,0.755,0
7022,0.572,0.779,0
7023,0.554,0.7949999999999999,0
7024,0.541,0.7989999999999999,0
7025,0.512,0.7909999999999999,0
7026,0.485,0.78,0
8001,0.491,0.775,0
8002,0.477,0.761,0
8003,0.469,0.742,0
8004,0.469,0.718,0
8005,0.477,0.698,0
8006,0.494,0.6819999999999999,0
8007,0.521,0.6739999999999999,0
8008,0.547,0.679,0
8009,0.567,0.6950000000000001,0
9001,0.21999999999999997,0.808,0
9002,0.21300000000000002,0.827,0
9003,0.21200000000000002,0.848,0
9004,0.21600000000000003,0.868,0
10001,0.20800000000000002,0.8029999999999999,0
10002,0.194,0.817,0
10003,0.184,0.8340000000000001,0
10004,0.178,0.852,0
10005,0.177,0.873,0
11001,0.20600000000000002,0.792,0
11002,0.189,0.7989999999999999,0
11003,0.172,0.8089999999999999,0
11004,0.15899999999999997,0.825,0
12001,0.267,0.768,0
12002,0.28,0.755,0
12003,0.29500000000000004,0.744,0
12004,0.309,0.737,0
12005,0.328,0.729,0
12006,0.35,0.724,0
12007,0.373,0.721,0
12008,0.393,0.722,0
12009,0.40900000000000003,0.724,0
13001,0.262,0.751,0
13002,0.27,0.737,0
13003,0.279,0.725,0
13004,0.28900000000000003,0.713,0
13005,0.301,0.702,0
13006,0.314,0.692,0
13007,0.33099999999999996,0.683,0
13008,0.349,0.675,0
13009,0.367,0.67,0
13010,0.387,0.668,0
13011,0.40700000000000003,0.668,0
13012,0.423,0.67,0
14001,0.245,0.752,0
14002,0.251,0.729,0
14003,0.26,0.708,0
14004,0.273,0.687,0
14005,0.28700000000000003,0.67,0
14006,0.305,0.654,0
14007,0.318,0.645,0
14008,0.33499999999999996,0.637,0
14009,0.348,0.633,0
14010,0.361,0.63,0
15001,0.256,0.502,0
15002,0.274,0.496,0
15003,0.29300000000000004,0.496,0
15004,0.314,0.503,0
15005,0.328,0.513,0
15006,0.33499999999999996,0.524,0
15007,0.33699999999999997,0.534,0
15008,0.327,0.539,0
15009,0.315,0.542,0
15010,0.302,0.539,0
15011,0.314,0.535,0
15012,0.326,0.531,0
15013,0.33499999999999996,0.526,0
15014,0.33799999999999997,0.536,0
15015,0.33599999999999997,0.553,0
15016,0.33399999999999996,0.563,0
15017,0.326,0.5660000000000001,0
15018,0.312,0.567,0
15019,0.301,0.5640000000000001,0
15020,0.311,0.5609999999999999,0
15021,0.323,0.558,0
15022,0.33599999999999997,0.551,0
15023,0.33199999999999996,0.565,0
15024,0.322,0.577,0
15025,0.308,0.582,0
15026,0.28700000000000003,0.582,0
15027,0.265,0.575,0
15028,0.246,0.5640000000000001,0
15029,0.23099999999999998,0.548,0
15030,0.21999999999999997,0.527,0
15031,0.21500000000000002,0.504,0
15032,0.21400000000000002,0.482,0
15033,0.21600000000000003,0.458,0
15034,0.22199999999999998,0.436,0
15035,0.23099999999999998,0.423,0
15036,0.239,0.418,0
16001,0.298,0.627,0
16002,0.299,0.606,0
16003,0.3,0.583,0
17001,0.265,0.498,0
17002,0.256,0.474,0
17003,0.246,0.445,0
17004,0.24,0.422,0
17005,0.236,0.398,0
17006,0.23399999999999999,0.367,0
17007,0.235,0.344,0
17008,0.238,0.319,0
17009,0.246,0.29100000000000004,0
17010,0.258,0.267,0
17011,0.275,0.247,0
17012,0.29500000000000004,0.22999999999999998,0
17013,0.318,0.21600000000000003,0
17014,0.34099999999999997,0.20500000000000002,0
17015,0.369,0.195,0
17016,0.398,0.188,0
17017,0.428,0.184,0
17018,0.46,0.183,0
17019,0.492,0.187,0
17020,0.523,0.196,0
17021,0.551,0.21100000000000002,0
17022,0.572,0.23199999999999998,0
17023,0.589,0.258,0
17024,0.604,0.28800000000000003,0
17025,0.614,0.314,0
17026,0.62,0.34299999999999997,0
17027,0.625,0.371,0
17028,0.629,0.401,0
17029,0.631,0.43,0
18001,0.62,0.427,0
18002,0.645,0.436,0
18003,0.667,0.446,0
18004,0.6910000000000001,0.456,0
18005,0.715,0.46699999999999997,0
18006,0.737,0.479,0
18007,0.743,0.487,0
18008,0.762,0.51,0
18009,0.776,0.535,0
18010,0.7909999999999999,0.56,0
18011,0.806,0.586,0
18012,0.812,0.595,0
18013,0.825,0.605,0
18014,0.8360000000000001,0.618,0
18015,0.8400000000000001,0.634,0
18016,0.839,0.65,0
18017,0.8320000000000001,0.664,0
18018,0.829,0.658,0
18019,0.827,0.648,0
18020,0.8220000000000001,0.639,0
18021,0.8300000000000001,0.643,0
18022,0.8340000000000001,0.65,0
18023,0.8360000000000001,0.655,0
18024,0.8320000000000001,0.666,0
18025,0.8220000000000001,0.675,0
18026,0.81,0.6799999999999999,0
18027,0.7949999999999999,0.6799999999999999,0
18028,0.7969999999999999,0.6759999999999999,0
18029,0.8,0.667,0
18030,0.8,0.659,0
18031,0.798,0.647,0
18032,0.806,0.656,0
18033,0.808,0.667,0
18034,0.806,0.6739999999999999,0
18035,0.804,0.679,0
18036,0.792,0.6799999999999999,0
18037,0.777,0.6739999999999999,0
18038,0.766,0.664,0
18039,0.756,0.653,0
18040,0.747,0.642,0
18041,0.738,0.63,0
18042,0.729,0.617,0
18043,0.718,0.603,0
18044,0.708,0.589,0
18045,0.698,0.575,0
18046,0.681,0.567,0
18047,0.658,0.558,0
18048,0.636,0.55,0
18049,0.615,0.543,0
19001,0.29400000000000004,0.23099999999999998,0
19002,0.303,0.189,0
19003,0.308,0.15400000000000003,0
19004,0.316,0.12,0
19005,0.322,0.08900000000000002,0
19006,0.326,0.07200000000000001,0
19007,0.326,0.066,0
19008,0.322,0.06,0
19009,0.305,0.044999999999999984,0
19010,0.301,0.03999999999999998,0
19011,0.3,0.03199999999999997,0
19012,0.303,0.018000000000000016,0
19013,0.307,0.0040000000000000036,0
19014,0.309,0.0010000000000000009,0
19015,0.314,0.0,0
19016,0.32899999999999996,-0.0010000000000000009,0
19017,0.327,0.0040000000000000036,0
19018,0.324,0.016000000000000014,0
19019,0.319,0.03199999999999997,0
19020,0.317,0.02200000000000002,0
19021,0.317,0.013000000000000012,0
19022,0.32,-0.0010000000000000009,0
19023,0.345,-0.0010000000000000009,0
19024,0.345,0.0030000000000000027,0
19025,0.34199999999999997,0.015000000000000013,0
19026,0.33899999999999997,0.03199999999999997,0
19027,0.33499999999999996,0.02100000000000002,0
19028,0.33599999999999997,0.01200000000000001,0
19029,0.33899999999999997,0.0,0
19030,0.366,0.0,0
19031,0.396,0.0,0
19032,0.40800000000000003,0.0010000000000000009,0
19033,0.41200000000000003,0.0030000000000000027,0
19034,0.41200000000000003,0.009000000000000008,0
19035,0.41100000000000003,0.03799999999999998,0
19036,0.41000000000000003,0.065,0
19037,0.41000000000000003,0.08900000000000002,0
19038,0.40900000000000003,0.11299999999999999,0
19039,0.40700000000000003,0.135,0
19040,0.40700000000000003,0.15699999999999997,0
19041,0.40700000000000003,0.176,0
19042,0.406,0.187,0
20001,0.433,0.184,0
20002,0.436,0.15600000000000003,0
20003,0.44,0.125,0
20004,0.444,0.08700000000000002,0
20005,0.447,0.055999999999999994,0
20006,0.45,0.030000000000000027,0
20007,0.452,0.010000000000000009,0
20008,0.453,0.0050000000000000044,0
20009,0.458,0.0030000000000000027,0
20010,0.47,0.0020000000000000018,0
20011,0.489,0.0010000000000000009,0
20012,0.508,0.0010000000000000009,0
20013,0.524,0.0010000000000000009,0
20014,0.523,0.013000000000000012,0
20015,0.524,0.02300000000000002,0
20016,0.52,0.033999999999999975,0
20017,0.516,0.02400000000000002,0
20018,0.516,0.013000000000000012,0
20019,0.517,0.0,0
20020,0.542,0.0010000000000000009,0
20021,0.544,0.009000000000000008,0
20022,0.544,0.020000000000000018,0
20023,0.541,0.034999999999999976,0
20024,0.538,0.029000000000000026,0
20025,0.537,0.019000000000000017,0
20026,0.537,0.009000000000000008,0
20027,0.536,0.0010000000000000009,0
20028,0.548,0.0,0
20029,0.551,0.0020000000000000018,0
20030,0.555,0.010000000000000009,0
20031,0.5589999999999999,0.02300000000000002,0
20032,0.5609999999999999,0.034999999999999976,0
20033,0.5609999999999999,0.03899999999999998,0
20034,0.556,0.043999999999999984,0
20035,0.545,0.05299999999999999,0
20036,0.537,0.063,0
20037,0.535,0.066,0
20038,0.534,0.07200000000000001,0
20039,0.535,0.09200000000000003,0
20040,0.536,0.11199999999999999,0
20041,0.537,0.137,0
20042,0.537,0.16299999999999998,0
20043,0.538,0.184,0
20044,0.539,0.20400000000000001,0
20045,0.546,0.20900000000000002,0
20046,0.548,0.196,0
20047,0.552,0.178,0
20048,0.557,0.16099999999999998,0
20049,0.5660000000000001,0.14200000000000002,0
20050,0.578,0.123,0
20051,0.591,0.10799999999999998,0
20052,0.606,0.09399999999999997,0
20053,0.624,0.08100000000000002,0
20054,0.644,0.07100000000000001,0
20055,0.665,0.065,0
20056,0.6890000000000001,0.061,0
20057,0.711,0.06,0
20058,0.73,0.062,0
20059,0.749,0.065,0
20060,0.767,0.07,0
20061,0.782,0.07600000000000001,0
20062,0.7989999999999999,0.08300000000000002,0
20063,0.7849999999999999,0.07300000000000001,0
20064,0.769,0.065,0
20065,0.75,0.056999999999999995,0
20066,0.729,0.05099999999999999,0
20067,0.707,0.04799999999999999,0
20068,0.6839999999999999,0.04799999999999999,0
20069,0.661,0.04899999999999999,0
20070,0.638,0.05299999999999999,0
20071,0.616,0.06,0
20072,0.593,0.07300000000000001,0
20073,0.573,0.08800000000000002,0
20074,0.557,0.10599999999999998,0
20075,0.545,0.119,0
20076,0.536,0.132,0
