Nr,X,Y,Z
1001,0.950026551186691,0.796087526805307,0
1002,0.954592697216753,0.807829047745158,0
1003,0.959811154976208,0.818918261465076,0
1004,0.965541021812544,0.829073497943898,0
1005,0.970270243520222,0.837879629629862,0
1006,0.975162540905519,0.846685761315825,0
1007,0.980544069833129,0.855818048866485,0
1008,0.985436367218425,0.86331959767882,0
1009,0.990817896146036,0.871473422144851,0
1010,0.994731730446703,0.874408779832503,0
1011,1.00598401984424,0.878811859203871,0
1012,1.0154424632596,0.882073404322455,0
1013,1.02522705803019,0.885008757500645,0
1014,1.03582702216994,0.887454915212217,0
1015,1.04593779084308,0.889574921568554,0
1016,1.05572238561367,0.891042616195498,0
1017,1.05996237577904,0.890390304466104,0
1018,1.0684423516003,0.886150300772353,0
1019,1.07512849947724,0.880279553830814,0
1020,1.08197770499395,0.872778041094177,0
1021,1.08817462132857,0.865276492281843,0
1022,1.09420845747611,0.856959592138194,0
1023,1.09812229177678,0.848805767672162,0
1024,1.09828538549224,0.845054991011264,0
1025,1.09698077105238,0.835270396240672,0
1026,1.09323001242933,0.824344258198371,0
1027,1.08768538978625,0.813581236418847,0
1028,1.08263001221388,0.802981254241243,0
1029,1.07708540760865,0.794664354097594,0
1030,1.07105157146111,0.7860212800514,0
1031,1.06779004438037,0.783738202526907,0
1032,1.05833161900286,0.778356669089834,0
1033,1.04805777465211,0.775258222196179,0
1034,1.0355008843431,0.771670543760208,0
1035,1.0239085409187,0.769345334331394,0
1036,1.01135165060968,0.766573020755125,0
1037,1.00026243688977,0.763963805403784,0
1038,0.989825534899241,0.762006879234526,0
1039,0.980856314007274,0.759723815238419,0
2001,0.843172605724276,0.827787011541642,0
2002,0.834770981806851,0.835004793432941,0
2003,0.824668059597752,0.84243343777164,0
2004,0.816347975773867,0.849862050544105,0
2005,0.807730781530616,0.857290699392267,0
2006,0.805353618589045,0.859964990791052,0
2007,0.802382167166812,0.871256539565557,0
2008,0.801193581186564,0.881953745745855,0
2009,0.800004999715779,0.892353836997326,0
2010,0.799707853220717,0.904536802709706,0
2011,0.800004999715779,0.91553116440399,0
2012,0.801490718662702,0.923256928180979,0
2013,0.803867886113735,0.926228370584288,0
2014,0.812782240380434,0.934251321441498,0
2015,0.822885180627381,0.940491361762101,0
2016,0.833582400336065,0.94524567862632,0
2017,0.846062512543507,0.949702880561711,0
2018,0.851411122397849,0.95,0
2019,0.861811204630396,0.945839980635368,0
2020,0.870725567916019,0.939897091319288,0
2021,0.878451345221394,0.934548472446022,0
2022,0.886474273531294,0.928605547054245,0
2023,0.895388623288531,0.920879783277256,0
2024,0.902817254098844,0.912262566486695,0
2025,0.904005831060168,0.908399666560352,0
2026,0.906977291501325,0.89681100285702,0
2027,0.908165877481573,0.884628041654102,0
2028,0.908760165962234,0.872445107507956,0
2029,0.909651600937958,0.857885001401315,0
2030,0.909948751942482,0.845107733679887,0
2031,0.910245893928082,0.832330497524694,0
2032,0.910245893928082,0.823118978725084,0
3001,0.954334909306826,0.804045933731601,0
3002,0.942782321300226,0.810419742735689,0
3003,0.931628103684258,0.81579767311255,0
3004,0.920075524696583,0.820378871727073,0
3005,0.907726204927645,0.824362530538766,0
3006,0.894380983984169,0.826951913275829,0
3007,0.881832490293571,0.828545354253196,0
3008,0.867491345628248,0.828744523665394,0
3009,0.854942851937649,0.828346189350459,0
3010,0.841398443544128,0.827151078178565,0
3011,0.828451579462897,0.824163361126568,0
3012,0.814667822349941,0.820375841368548,0
3013,0.801322601406466,0.815595446285054,0
3014,0.789770008890404,0.809819177083796,0
4001,0.726871233462393,0.768787806985703,0
4002,0.717509648783301,0.763210707196643,0
4003,0.706079695598281,0.758263534167155,0
4004,0.691925251682474,0.753182443641933,0
4005,0.676319090163914,0.74773844964543,0
4006,0.660349984588913,0.742294428592154,0
4007,0.644017943976397,0.737213351595319,0
4008,0.626597102760795,0.731043460467011,0
4009,0.613894426051824,0.725962387979638,0
4010,0.605546938226808,0.721607176548372,0
4011,0.601191731305004,0.715437303457913,0
4012,0.600102930701919,0.708541564801885,0
4013,0.601191731305004,0.700919942542438,0
4014,0.605909873264324,0.689306043889242,0
4015,0.611716829355115,0.677692145236045,0
4016,0.617886702445574,0.666441199658213,0
4017,0.6255179388782,0.653646281902158,0
4018,0.634228357231269,0.641669448211446,0
4019,0.642575827018437,0.62969262804912,0
4020,0.652738012578343,0.61771579886787,0
4021,0.663263061024371,0.605013108630512,0
4022,0.674876977715416,0.594850950127379,0
4023,0.686853806896666,0.585414666208739,0
4024,0.701008219246239,0.577067178383723,0
4025,0.714073862558961,0.569808495671255,0
4026,0.731857643321541,0.563275678524356,0
4027,0.749641397027348,0.557468735961951,0
4028,0.767788103808519,0.554928195208802,0
4029,0.785208958552507,0.554565264680748,0
4030,0.802629786239722,0.557468735961951,0
4031,0.818235956777207,0.562912747996302,0
4032,0.833842131824153,0.570171426199308,0
5001,0.76079639928972,0.802600637602866,0
5002,0.758419231838686,0.818349352237065,0
5003,0.756636357377777,0.832612307339182,0
5004,0.754543655814404,0.847854104320744,0
5005,0.75276077233457,0.862117095498557,0
5006,0.750977906892585,0.877271503614246,0
5007,0.749492178926737,0.892128765234873,0
5008,0.747412162480228,0.905203147885129,0
5009,0.744143564562933,0.911740339210256,0
5010,0.737309231252206,0.92006044107199,0
5011,0.727800574976459,0.926300449826359,0
5012,0.714429027793293,0.93194621970415,0
5013,0.701057485119589,0.93670054107783,0
5014,0.688280235436009,0.940563436494711,0
5015,0.672828689844183,0.942643461960144,0
5016,0.661834314621512,0.942940612964668,0
5017,0.65797141469517,0.940266321565884,0
5018,0.651731374374566,0.930163381318937,0
5019,0.648462776457271,0.919466139062942,0
5020,0.648462776457271,0.908768896806948,0
5021,0.652622809350289,0.896883082099092,0
5022,0.658565698666369,0.887968714304006,0
5023,0.667777203937592,0.880242950527017,0
5024,0.678771597198111,0.875785748591626,0
5025,0.689765972420781,0.873408603687903,0
5026,0.697491754235619,0.871328582731932,0
6001,0.684417353547515,0.874300061210937,0
6002,0.685011637518715,0.863602818954943,0
6003,0.685011637518715,0.850825546724052,0
6004,0.685308788523239,0.838048315078321,0
6005,0.686200209970576,0.824676776914079,0
6006,0.686200209970576,0.812493815711161,0
6007,0.686200209970576,0.801202303012353,0
6008,0.686200209970576,0.788425035290925,0
6009,0.6859030770039,0.776242087616393,0
6010,0.686200209970576,0.765247707884261,0
6011,0.6859030770039,0.752470458200681,0
7001,0.921158729057213,0.559719679059579,0
7002,0.929775950357236,0.575468375655929,0
7003,0.94017602808032,0.591811374261328,0
7004,0.951764700802577,0.606668635881955,0
7005,0.963353359996447,0.621823043997644,0
7006,0.975239183723227,0.636680319146657,0
7007,0.987822197346137,0.650863957320046,0
7008,1.00200744990695,0.666379063780053,0
7009,1.01885241026615,0.684110611443226,0
7010,1.03348092942218,0.698739130599258,0
7011,1.04677959918849,0.713367685830987,0
7012,1.06229472368634,0.728882774253146,0
7013,1.0778098121085,0.744397880713153,0
7014,1.09022190809922,0.756366678542419,0
7015,1.10396386249858,0.770551913065387,0
7016,1.11105649779792,0.774098239733978,0
7017,1.11992225359166,0.775428093633168,0
7018,1.13056119752173,0.773654941572528,0
7019,1.14385983121234,0.770995215736299,0
7020,1.15760176306439,0.768778761004747,0
7021,1.16513768299679,0.766562319801582,0
7022,1.17134373550161,0.7612428591102,0
7023,1.17843635276309,0.751933782607701,0
7024,1.18464240075845,0.738635135388708,0
7025,1.18597227269549,0.728882774253146,0
7026,1.184199102597,0.719130431155433,0
7027,1.17932292202922,0.709821359162396,0
7028,1.17134373550161,0.70095558533081,0
7029,1.16203467703696,0.695192840006364,0
7030,1.14962257653678,0.691646531375622,0
7031,1.1349940754186,0.691646531375622,0
7032,1.12302527758933,0.694749555373301,0
7033,1.11061319512701,0.70095558533081,0
7034,1.10130412313397,0.708048202592294,0
8001,1.03693673765821,0.704267410951715,0
8002,1.03280094312393,0.714728537772595,0
8003,1.02793529215014,0.726649354925206,0
8004,1.02209652631375,0.73808361013706,0
8005,1.01455479368472,0.74854473695794,0
8006,1.00847273785903,0.755843197635519,0
8007,1.00287724848356,0.763628224763315,0
9001,0.989421865890652,0.489026807975505,0
9002,0.998132293262646,0.503544173400442,0
9003,1.00611682350284,0.518787404390948,0
9004,1.01446431132785,0.533304774325348,0
9005,1.02281179464341,0.548548000806392,0
9006,1.03152223103432,0.563791231796899,0
9007,1.04023263585901,0.57721979661875,0
9008,1.04930598474013,0.593551837231266,0
9009,1.05837935616856,0.606980397543656,0
9010,1.06745270955915,0.621860693496647,0
9011,1.07652604491189,0.635652193356014,0
9012,1.08523648130281,0.649080758177866,0
9013,1.09467276522144,0.663961049621394,0
9014,1.10592371079928,0.6777525449713,0
9015,1.11427119862429,0.688277624983562,0
9016,1.11971520614918,0.69771392694005,0
10001,1.00067659941664,0.507856278883574,0
10002,1.0024692458819,0.487738851488607,0
10003,1.00304505458691,0.469826221865685,0
10004,1.00393164189089,0.452537963345038,0
10005,1.00526149128062,0.434806411172403,0
10006,1.00570477591368,0.416188285224179,0
10007,1.00570477591368,0.398900017684607,0
10008,1.00614807858459,0.380281900755307,0
10009,1.00526149128062,0.362107063949609,0
10010,1.00304505458691,0.342602355206872,0
10011,1.00081800261945,0.323029364189144,0
10012,0.995498546437526,0.305297798488123,0
10013,0.991508944154796,0.290225976661179,0
10014,0.985746189811427,0.276927329442185,0
10015,0.97998342193967,0.268504840243662,0
11001,0.979229475953657,0.270036939008197,0
11002,0.984095041247674,0.2627607731112,0
11003,0.989539057791487,0.255502085889269,0
11004,0.993894273732216,0.247880445591974,0
11005,0.998612406672611,0.239895892804474,0
11006,1.00405642321642,0.231911340016974,0
11007,1.00913751825111,0.222475038060486,0
11008,1.01421859073848,0.212675801066483,0
11009,1.0185738202076,0.202876582110327,0
11010,1.02038849990464,0.193803197153507,0
11011,1.02111436547021,0.185092778800437,0
11012,1.02002555133874,0.175293559844282,0
11013,1.01603327494499,0.164405508718807,0
11014,1.01095219794815,0.152428697575405,0
11015,1.00478230681984,0.142266512015499,0
11016,0.998612406672611,0.131378496965721,0
11017,0.995346022901203,0.125571540874929,0
11018,0.995346022901203,0.12303097757447,0
11019,0.997160684560396,0.120127515312192,0
11020,1.00260469208529,0.114683489749454,0
11021,1.00950044877916,0.107424802527523,0
11022,1.01530740937942,0.100529045833647,0
11023,1.01693535676071,0.0976415470671724,0
11024,1.01742192321093,0.0935057525328959,0
11025,1.0166597113809,0.0865103592741059,0
11026,1.01517398792451,0.0758131170181112,0
11027,1.01368824643028,0.0686816236839354,0
11028,1.01342212954387,0.0668886705752512,0
11029,1.01179135923931,0.0667255903881717,0
11030,1.00282212932842,0.0662363588458573,0
11031,0.991569803855184,0.0662363588458573,0
11032,0.98048057660688,0.0659102074906224,0
11033,0.969228260152572,0.0659102074906224,0
11034,0.967271343002238,0.0663994390329369,0
11035,0.958791340124199,0.0699871355067554,0
11036,0.949822101194384,0.0740640274471917,0
11037,0.940852875792955,0.0784671113280218,0
11038,0.93335132698062,0.0830332753959314,0
11039,0.930579013404351,0.0848271213781096,0
11040,0.929926706184419,0.0879255863096138,0
11041,0.929763630506802,0.0959163711737245,0
11042,0.929926706184419,0.104722502859688,0
11043,0.930905169269048,0.11418097784128,0
11044,0.932209788218374,0.122171758195929,0
11045,0.934166714387632,0.130488658339577,0
11046,0.936286716234507,0.140599445050563,0
11047,0.937917486539068,0.150057920032155,0
11048,0.938895940604772,0.160657933775994,0
11049,0.93954711594972,0.171793766315015,0
11050,0.939051647821332,0.173933343736829,0
11051,0.933833176533491,0.181761048413861,0
11052,0.928125496250645,0.190241028744589,0
11053,0.923233176318039,0.197253346014609,0
11054,0.917340193218926,0.205928292938866,0
11055,0.911795575085312,0.213429828222814,0
11056,0.906577103797471,0.21995291395052,0
11057,0.901358646038015,0.226312905962759,0
11058,0.897118655872651,0.231857528605835,0
12001,0.688606080147822,0.58451431602646,0
12002,0.692206353511414,0.57063402485851,0
12003,0.694876672074096,0.559552170580725,0
12004,0.695811285149347,0.554478552234189,0
12005,0.695410750216911,0.548870869273224,0
12006,0.692456195749136,0.536034532107859,0
12007,0.689050239616531,0.523627125957719,0
12008,0.685815895573284,0.509930478123986,0
12009,0.682269568904693,0.494858633749731,0
12010,0.678717253670445,0.480132547871886,0
12011,0.673841059574278,0.460184509401464,0
12012,0.671181320209663,0.442896219314582,0
12013,0.668521576335586,0.42738108128834,0
12014,0.666748424274946,0.411422667647959,0
12015,0.66453198307178,0.393691079399627,0
12016,0.663202097606355,0.377289358578872,0
12017,0.663645400277267,0.36044436665344,0
12018,0.66586183697097,0.342712778405108,0
12019,0.668519583153341,0.323092235109625,0
12020,0.676055503085737,0.302257631882538,0
12021,0.685364593116622,0.284969337286194,0
12022,0.697333390945887,0.269897497421402,0
12023,0.710632092278425,0.257485383392839,0
12024,0.725703950181066,0.247289719586365,0
12025,0.738559326295382,0.238867216859456,0
12026,0.753631188707485,0.233547751658611,0
12027,0.770476194161304,0.227784988296317,0
12028,0.79086749922694,0.222022220424561,0
12029,0.812588698776926,0.218475893755971,0
12030,0.832093457123746,0.216702741695331,0
12031,0.852484744151535,0.214929585125229,0
12032,0.872432778112494,0.216259457062267,0
12033,0.891937540968776,0.218475893755971,0
12034,0.907031968729185,0.222017422356896,0
13001,0.798678672215944,0.219890331635613,0
13002,0.796489125444693,0.208699334846826,0
13003,0.794542868662743,0.19702177160782,0
13004,0.791623469961433,0.183884495489774,0
13005,0.790650341570459,0.178288983566994,0
13006,0.79211003190219,0.173909917081264,0
13007,0.796975691894911,0.164421887085124,0
13008,0.80305775223006,0.154447277110379,0
13009,0.810356235454949,0.143499570310894,0
13010,0.817423076631118,0.13368927160638,0
13011,0.823505132456806,0.123714661631635,0
13012,0.828370792449527,0.114226667711192,0
13013,0.832263319541812,0.105468458078875,0
13014,0.833479733412626,0.101575940005515,0
13015,0.831776753091593,0.0974401454712387,0
13016,0.826911102117796,0.0901416487179637,0
13017,0.82058574277442,0.0821133316008648,0
13018,0.812557425657321,0.0726253016047246,0
13019,0.808664898565037,0.0687327835313643,0
13020,0.804529085992912,0.0670297941914069,0
13021,0.794067936624721,0.061920871266156,0
13022,0.784823187598959,0.0575417641952668,0
13023,0.777281423403692,0.0548656825400317,0
13024,0.769739654698963,0.0509731283909746,0
13025,0.765847123097217,0.05,0
13026,0.763171032423058,0.0529194212486204,0
13027,0.758062082441034,0.0597313335138287,0
13028,0.754412849847514,0.0658133893395163,0
13029,0.751980026615346,0.0711655887256834,0
13030,0.749790479844095,0.0767611006484631,0
13031,0.749547198873717,0.0804103467703696,0
13032,0.752223307585724,0.088925243866073,0
13033,0.755629254699404,0.0974401454712387,0
13034,0.758791943390017,0.107171447418833,0
13035,0.759521795320075,0.110334109052672,0
13036,0.755872544688707,0.113496811271671,0
13037,0.746871081142785,0.118605734196922,0
13038,0.739572602427358,0.123957969658786,0
13039,0.73227411920247,0.129796753533019,0
13040,0.725705487907639,0.135635532897791,0
13041,0.719866717561792,0.141474316772025,0
13042,0.714757772089231,0.148772777449603,0
13043,0.709648831126131,0.157287674545307,0
13044,0.706729441443745,0.167262284520051,0
13045,0.705999585004225,0.177236862928561,0
13046,0.70526974209309,0.187454749364222,0
13047,0.705756308543309,0.200348717455118,0
13048,0.70770256983472,0.211783004233207,0
13049,0.70938935216792,0.225974813551906,0
13050,0.711335613459331,0.239598638082322,0
13051,0.713768436691499,0.253465752602041,0
14001,0.988087299603576,0.283867671187761,0
14002,1.00219772215045,0.280218443103703,0
14003,1.01971408730153,0.274622935690386,0
14004,1.03406776827147,0.268784133778304,0
14005,1.04744833437882,0.261485659572339,0
14006,1.06009904404665,0.254187162819064,0
14007,1.06983036403209,0.247618527014772,0
14008,1.08102138336819,0.237643930568413,0
14009,1.09123926529439,0.227912610582971,0
14010,1.0997541488617,0.216235029306117,0
14011,1.10778249754504,0.203097771225919,0
14012,1.11386457140857,0.189960495107872,0
14013,1.11946902559468,0.1757834452586,0
14014,1.12336156170589,0.159240194970101,0
14015,1.12433469460633,0.142210400778694,0
14016,1.12506455104585,0.126883555342085,0
14017,1.12384812815611,0.114719407615013,0
14018,1.12263170977583,0.104258249227899,0
15001,0.99710041109008,0.311608506589163,0
15002,1.00999439721882,0.308202550456559,0
15003,1.02337496332617,0.303336881444914,0
15004,1.03480925010426,0.297498084042294,0
15005,1.04527042652923,0.293118999518715,0
15006,1.05451516653606,0.288010054046154,0
15007,1.06619274781292,0.281927980182618,0
15008,1.07592406779836,0.274386215987351,0
15009,1.08662851617478,0.266601170821706,0
15010,1.09684640261044,0.257356417286482,0
15011,1.10609116065512,0.248111659241796,0
15012,1.11460603971298,0.237163938913925,0
15013,1.12263437486793,0.224513224736634,0
15014,1.12993286711174,0.210646110216915,0
15015,1.1350418125843,0.195075992828853,0
15016,1.13723136386501,0.18169544024989,0
15017,1.13771793031523,0.163935785109501,0
15018,1.13626310118364,0.145599410352758,0
15019,1.13334372502964,0.130759149404216,0
15020,1.13066761180817,0.119081586165211,0
15021,1.12507458008954,0.105367928640468,0
16001,0.763226250786369,0.773275425242902,0
16002,0.753466282188259,0.776462343273332,0
16003,0.743706282023914,0.778653373657611,0
16004,0.7325520102944,0.780246837182289,0
16005,0.729564266185631,0.780645203063458,0
16006,0.731755283041524,0.782836219919351,0
16007,0.738527516549789,0.788014985393476,0
16008,0.744303839864592,0.792795398514819,0
16009,0.75207198807578,0.797575798107775,0
16010,0.759242591974676,0.801360251431573,0
16011,0.76720992763591,0.80594148161233,0
16012,0.774380531534806,0.808929234740024,0
16013,0.777766646034207,0.810124345911919,0
16014,0.781152765043071,0.80992517649972,0
16015,0.787725815610751,0.808730069837288,0
16016,0.793900500297261,0.806738222393593,0
16017,0.80007518047431,0.804547210047162,0
16018,0.805253950457897,0.801360251431573,0
16019,0.810631907891531,0.797376597129342,0
16020,0.811827010044501,0.795384781251881,0
16021,0.812225371416208,0.792994567927017,0
16022,0.813420473569178,0.784828062853584,0
16023,0.81381884395981,0.777259084054595,0
16024,0.81381884395981,0.770686024467991,0
16025,0.813420473569178,0.764909719191036,0
16026,0.813022103178547,0.758535847054478,0
16027,0.812026188475624,0.752361157858506,0
16028,0.810842427619814,0.746497450187292,0
16029,0.810402777613196,0.744812110881961,0
16030,0.80820450954226,0.74583796390371,0
16031,0.801536440098848,0.750893977310241,0
16032,0.795294853032747,0.755687927836782,0
16033,0.789750216861285,0.759927954077843,0
16034,0.784042500502742,0.76449411363629,0
16035,0.777193240872492,0.767755676792722,0
17001,0.869184215735272,0.711692722797929,0
17002,0.859225041649267,0.718066594934486,0
17003,0.849066680113215,0.722647807077395,0
17004,0.840900157001933,0.726233113536305,0
17005,0.83472546780596,0.729021683723415,0
17006,0.831538531737682,0.729818419995215,0
17007,0.832932821340699,0.731212696069846,0
17008,0.837115672111901,0.735395555859972,0
17009,0.844485449932457,0.741171879174775,0
17010,0.852452799122078,0.746549827589485,0
17011,0.861216866545651,0.752126963454242,0
17012,0.868188296522887,0.755911457363199,0
17013,0.874562173168906,0.758301652650215,0
17014,0.876952368455922,0.758700023040846,0
17015,0.879740938643031,0.758301652650215,0
17016,0.887907470773237,0.755513086972567,0
17017,0.895078065653209,0.751529428160874,0
17018,0.90324458876449,0.747147380920701,0
17019,0.910016835801141,0.742366985837208,0
17020,0.915793154606482,0.73778575565645,0
17021,0.921967843802455,0.731611066460477,0
17022,0.923162950464887,0.729619237054631,0
17023,0.924358061636781,0.726830666867522,0
17024,0.926349886533165,0.718863335715749,0
17025,0.926349886533165,0.710696799076081,0
17026,0.926150708102043,0.702928646355432,0
17027,0.925752333201949,0.694164574422396,0
17028,0.924557235558441,0.685201315039314,0
17029,0.923362137914933,0.677233983887542,0
17030,0.922368243451027,0.671781169383188,0
17031,0.921930983459318,0.669376259721367,0
17032,0.920728526373677,0.670469411955371,0
17033,0.916246644152259,0.674623339036717,0
17034,0.911108869688546,0.680635619955462,0
17035,0.903675508452498,0.686975846995354,0
17036,0.896132824326965,0.693316074035246,0
17037,0.889683283416511,0.698781790110644,0
17038,0.882468545412125,0.703372981693162,0
18001,0.837878104905571,0.72685953193437,0
18002,0.832659620089343,0.720173352491198,0
18003,0.827767282118888,0.710062534213978,0
18004,0.824179572116683,0.697505558225185,0
18005,0.824342652303763,0.68282854431382,0
18006,0.827767282118888,0.671086955732039,0
18007,0.833311927309275,0.662443827572299,0
18008,0.841791966263011,0.654289953502185,0
18009,0.849130470963962,0.649397620041192,0
18010,0.860545917209433,0.645809905529525,0
18011,0.873265968875843,0.645157598309593,0
18012,0.884192183578999,0.646788368614154,0
18013,0.893813770313905,0.651191470532832,0
18014,0.900989176789929,0.656736111213757,0
18015,0.907349213896789,0.662933077152462,0
18016,0.911752324834392,0.669619261105095,0
18017,0.914035411377809,0.676468516225884,0
19001,0.735250382220754,0.780557439912232,0
19002,0.730987123230997,0.775419665448519,0
19003,0.728035644216368,0.769407380020312,0
19004,0.725302783923938,0.762739211368735,0
19005,0.723772389736073,0.754212684370297,0
19006,0.724209645218321,0.74535822928856,0
19007,0.726286613268456,0.736722401947947,0
19008,0.730112616775966,0.730163551676394,0
19009,0.735469009961878,0.724479207859872,0
19010,0.741481295390085,0.720653208861825,0
19011,0.748805360793419,0.718357604051642,0
19012,0.756894614271761,0.716936510205952,0
19013,0.765093181620665,0.716827209863777,0
19014,0.773073125737908,0.718576227283303,0
19015,0.780397182122318,0.721418396936833,0
19016,0.786190844318863,0.725025777212681,0
19017,0.791437928143676,0.729398341054075,0
19018,0.796466388736827,0.734754756787298,0
19019,0.80116690320883,0.740985665447166,0
19020,0.804337009964583,0.74754451571872,0
20001,0.648780089266806,0.696480304961894,0
20002,0.665809955609607,0.690884779510728,0
20003,0.684542775216668,0.685289254059562,0
20004,0.700842767082099,0.681396717948353,0
20005,0.720305452147605,0.677504177327682,0
20006,0.738551718832834,0.675314626046969,0
20007,0.754851697169879,0.674341497655994,0
20008,0.769692003213042,0.674098221195078,0
20009,0.784775581207658,0.674828077634599,0
20010,0.792803943419378,0.675801210535036,0
21001,0.64586069958442,0.685289254059562,0
21002,0.660700996608659,0.675801210535036,0
21003,0.675541293632897,0.66777285734224,0
21004,0.689408457756699,0.661690751912469,0
21005,0.701815895473074,0.656338516450605,0
21006,0.715196488637195,0.651716137428262,0
21007,0.728333809849863,0.646850468416617,0
21008,0.742687540423883,0.64271465133503,0
21009,0.755338263620097,0.639795248124258,0
21010,0.76993528418342,0.636875840404024,0
21011,0.784532291218356,0.634443008152932,0
21012,0.797912870854091,0.632983304292815,0
21013,0.810320331117776,0.632010171392378,0
21014,0.821754662990486,0.631766890422,0
22001,0.63857758460634,0.676963510860751,0
22002,0.647335807767042,0.667962029276981,0
22003,0.65487759450962,0.660420247043866,0
22004,0.664365656071994,0.65239189385107,0
22005,0.673853704105983,0.645336655520863,0
22006,0.683098475679055,0.638524734236731,0
22007,0.692099957262826,0.631956071375666,0
22008,0.701344746873747,0.625630698503903,0
22009,0.711805936827096,0.619548615621443,0
22010,0.72324025517142,0.613466528229521,0
22011,0.733701458653155,0.608114292767657,0
22012,0.744649206037799,0.603005342785634,0
22013,0.754867110511308,0.598382954744366,0
22014,0.764598457553523,0.594247133153317,0
22015,0.77797904169872,0.58938145963221,0
23001,0.613343248028758,0.727396293207129,0
23002,0.605599284062767,0.736742473563717,0
23003,0.597187721290892,0.751829866563263,0
23004,0.591312987984864,0.767317826061479,0
23005,0.584894679608856,0.785775978842005,0
24001,0.603071744088828,0.719914338007583,0
24002,0.592634751909062,0.727905154437928,0
24003,0.58301315164577,0.737200585308137,0
24004,0.574696179350727,0.746822190080892,0
24005,0.563595078688736,0.759739693054444,0
24006,0.553647340598595,0.773438225843331,0
24007,0.544675206594116,0.786337113757369,0
25001,0.599673787741974,0.710209254072589,0
25002,0.588960974313377,0.712176912761625,0
25003,0.57551530059235,0.717751933688661,0
25004,0.565239751664925,0.723326968144083,0
25005,0.555401449200822,0.729120630340628,0
25006,0.544797958661711,0.736226063493377,0
26001,0.603247067465486,0.695569325977465,0
26002,0.612538787048394,0.691306062478247,0
26003,0.622158466280835,0.689338403789211,0
26004,0.628717330080775,0.691634004089932,0
26005,0.631887445855452,0.695787949209127,0
26006,0.634292351007811,0.701362988174011,0
26007,0.63287127519997,0.709780192282963,0
26008,0.629045276201923,0.716011118980679,0
26009,0.623251595967529,0.721148893444392,0
26010,0.616692732167589,0.72519353371195,0
27001,0.767871619046455,0.769243515186829,0
27002,0.757923858409003,0.765981952030397,0
27003,0.752705364573851,0.760274217634006,0
27004,0.748465333823328,0.753098788610672,0
27005,0.748302258145711,0.744455646922546,0
27006,0.752053048334995,0.736627906169818,0
27007,0.758250023292624,0.731409421353591,0
27008,0.766730071265284,0.729452477146485,0
27009,0.774883972392171,0.730920189811276,0
27010,0.782059401415505,0.735486367407572,0
27011,0.787440979947199,0.743966415380232,0
27012,0.788256371863672,0.752772632745975,0
27013,0.786625592540187,0.760926542891786,0
28001,0.872199909490085,0.70925019520334,0
28002,0.864372168737357,0.707945576254014,0
28003,0.856218263101008,0.702890149077556,0
28004,0.852630557608265,0.695877795731839,0
28005,0.851652085504712,0.687071578366096,0
28006,0.85311978915058,0.680874612427391,0
28007,0.855892111745773,0.674351508661837,0
28008,0.861762921819781,0.669296081485379,0
28009,0.868612203997343,0.667012981413576,0
28010,0.876113788885374,0.667339137278273,0
28011,0.882963071062935,0.669296081485379,0
28012,0.888344640575704,0.673209951861743,0
28013,0.892584671326227,0.678265379038201,0
28014,0.894541606514409,0.685277727874456,0
28015,0.894541606514409,0.692127005542555,0
29001,0.676812488449201,0.941830144396233,0
29002,0.672409386530522,0.934165479321122,0
29003,0.670941673865731,0.926011555646925,0
29004,0.672898618072837,0.916063813047322,0
30001,1.16603750106254,0.76408587203314,0
30002,1.16324891283758,0.754325840302561,0
30003,1.15906605304746,0.744765009550414,0
30004,1.15348888561647,0.735801718601098,0
30005,1.14532233093895,0.727834369411477,0
31001,1.18575669335074,0.734407442526467,0
31002,1.17978118709535,0.727834369411477,0
31003,1.17320811398036,0.721261291787024,0
31004,1.16583829557465,0.715484954943835,0
31005,1.15807011128776,0.710903724763077,0
32001,0.985901378439846,0.0661542685979423,0
32002,0.98639060998216,0.0754497400533104,0
32003,0.986553676640854,0.0832774762965762,0
32004,0.986064445098539,0.0937144820047285,0
33001,1.00139381132446,0.0663173487850219,0
33002,1.0028615059514,0.0767543544931742,0
33003,1.00302458162902,0.0858867457614626,0
33004,1.00204611854439,0.0964868316566944,0
34001,0.789425607742085,0.0614068692485725,0
34002,0.785553616740165,0.0694179106163986,0
34003,0.782349206506282,0.0771619106580861,0
34004,0.779144791762936,0.087843257060208,0
35001,0.7754063078957,0.0545975003199839,0
35002,0.771400805249635,0.0619409609197739,0
35003,0.768062874352682,0.0700854958938967,0
35004,0.76472494345573,0.0776959707630528,0
35005,0.762455141787634,0.0845053351821794,0
36001,0.837829262921657,0.585906125425327,0
36002,0.834090788073345,0.57776158143228,0
36003,0.835292442474734,0.570952203484767,0
36004,0.840633124694719,0.566946687310316,0
36005,0.847308990998087,0.565210968294498,0
37001,0.462393829637883,0.54426144593547,0
37002,0.466960025272028,0.538064475487303,0
37003,0.468938177479351,0.530174071249351,0
37004,0.468141436698088,0.522405886962466,0
37005,0.463759375929529,0.515633621887967,0
37006,0.456190361054842,0.511052378178823,0
37007,0.447824636965128,0.508861356813468,0
37008,0.438662145037378,0.508861356813468,0
37009,0.428702948404063,0.511450753078917,0
37010,0.420536393726547,0.515235246987873,0
37011,0.414361650417029,0.521011597359449,0
37012,0.410577161017534,0.527783862433949,0
37013,0.408784514552272,0.535950421620927,0
37014,0.409780420236271,0.545112891001366,0
37015,0.413564945711463,0.554275378419654,0
37016,0.420141225054,0.562882480486743,0
37017,0.428506980709949,0.56766290262701,0
37018,0.438466177343265,0.570252294382997,0
37019,0.449022981421342,0.570053111442412,0
37020,0.459978119814353,0.568061268508179,0
37021,0.469339781154302,0.56547187224273,0
37022,0.479298977787617,0.561089825002557,0
37023,0.490254116180629,0.555711836002689,0
37024,0.502802731626704,0.548939570928189,0
37025,0.514156240410347,0.541370569581889,0
37026,0.526505654877989,0.533204010394911,0
37027,0.539095730318534,0.522986322375583,0
37028,0.549652498320914,0.513027112213881,0
37029,0.559412530051494,0.502868714602132,0
37030,0.568176656098074,0.492311937580827,0
37031,0.575347282544281,0.481555986637863,0
37032,0.582525791530223,0.468156277863935,0
37033,0.587903780530092,0.453416641052504,0
37034,0.590891547186172,0.43748189306918,0
37035,0.59167939530819,0.42088515154135,0
37036,0.589289177473864,0.404552033167394,0
37037,0.585305482586474,0.391206681449518,0
37038,0.580126717112349,0.37646704914755,0
37039,0.572756903216096,0.363520063310844,0
37040,0.565785441672626,0.352564924917832,0
37041,0.556622945235414,0.342605710246668,0
37042,0.546265378211467,0.333443231847304,0
37043,0.535310239818455,0.325874235010467,0
37044,0.521529323666617,0.319046909403829,0
37045,0.510177573573189,0.312964249310221,0
37046,0.498824064789546,0.308383005601078,0
37047,0.486275449343471,0.30559441737612,0
37048,0.474125199778565,0.30380177542032,0
37049,0.460182276691625,0.303204217579642,0
37050,0.446438550073656,0.304200141301489,0
37051,0.434288341093909,0.306789528548014,0
37052,0.421540520159939,0.31037484853531,0
37053,0.410983752157558,0.313960173032069,0
37054,0.405406580217105,0.316151189887962,0
38001,0.383706412798314,0.309067929760318,0
38002,0.390229566167951,0.308578698218003,0
38003,0.39707884383605,0.309883330695716,0
38004,0.402786614308137,0.312492582122754,0
38005,0.407515885619899,0.318200316519144,0
38006,0.408331273026911,0.324071149140463,0
38007,0.407515885619899,0.330105052929937,0
38008,0.405885079239642,0.335323555784013,0
38009,0.402786614308137,0.340378982960471,0
39001,0.46698417795099,0.519642434479207,0
39002,0.474553192825676,0.514264459007724,0
39003,0.481524672406995,0.509085666476827,0
39004,0.488296914934183,0.503707686495882,0
39005,0.495069193537069,0.497732144164797,0
39006,0.499650459793523,0.49215498575273,0
39007,0.50463005585545,0.486378630871692,0
39008,0.50861375074284,0.480203910109485,0
39009,0.512398240142335,0.474029198366202,0
39010,0.515784399736357,0.466858558391609,0
39011,0.517975412082788,0.458691994695169,0
39012,0.517975412082788,0.451122979820483,0
39013,0.516780305420356,0.445545812389492,0
39014,0.513394181902031,0.440964577699272,0
39015,0.508215380352209,0.436383329480666,0
39016,0.50124390077089,0.433993116155802,0
39017,0.492479810800006,0.433793933215217,0
39018,0.484313224556256,0.436184146540081,0
39019,0.476943410660003,0.439371096136746,0
39020,0.470768703426182,0.442159679852242,0
39021,0.465191531485728,0.444549893177106,0
40001,0.424653162840259,0.472275946561772,0
40002,0.418279254628005,0.476259632430238,0
40003,0.411108605634488,0.480442510258212,0
40004,0.404535528010035,0.484625383576724,0
40005,0.39836078920998,0.488609073954652,0
40006,0.390990975313726,0.492393585901457,0
40007,0.383023585538947,0.496775637651092,0
40008,0.376213946042633,0.499978221552829,0
40009,0.37074477120981,0.501787882218562,0
40010,0.362612312575169,0.502678135715218,0
40011,0.354067206592914,0.502277587254396,0
40012,0.348325962383721,0.501342965160222,0
40013,0.340898968508146,0.499684754778834,0
40014,0.334119736314716,0.498244919608692,0
40015,0.324358572709151,0.495877853352744,0
40016,0.313758486813919,0.492942446061009,0
40017,0.303810676572385,0.489680873885652,0
40018,0.293699790653233,0.485440825097281,0
40019,0.285056630927259,0.48169002137961,0
40020,0.277391970361611,0.477776132965398,0
40021,0.271031892669591,0.474351480602962,0
41001,0.308595720911295,0.457872327808633,0
41002,0.301257180134647,0.461460060358148,0
41003,0.292940171763908,0.465210868585281,0
41004,0.283644704818002,0.468961672302951,0
41005,0.275164625279108,0.472386329174849,0
41006,0.264401396064327,0.475810981537285,0
41007,0.254127466033792,0.477931001422009,0
41008,0.244668918900807,0.480377172661967,0
41009,0.234884220412586,0.482007961004376,0
41010,0.223231495290781,0.48283180365281,0
41011,0.213120645447326,0.482179487413954,0
41012,0.206271336212992,0.480548699071544,0
41013,0.199748178333894,0.476308659302097,0
41014,0.193061944777177,0.470763982545476,0
41015,0.187843405847404,0.46603470221479,0
41016,0.182135707526711,0.46049002996763,0
41017,0.176101781189926,0.454129965803997,0
41018,0.170067859362604,0.446954500704967,0
41019,0.165338551975146,0.440105204999019,0
41020,0.161261623959013,0.432929744409451,0
41021,0.157347703978566,0.425754283819882,0
41022,0.154689339999888,0.419304350586226,0
41023,0.153794342549112,0.417424869918929,0
41024,0.15370482070767,0.415455876429114,0
41025,0.15402608831546,0.408733174852464,0
41026,0.15409937158391,0.40008661048261,0
41027,0.155467979800316,0.390781966781348,0
41028,0.158498947103233,0.37753005111801,0
41029,0.162391465176593,0.363662810333352,0
41030,0.166770603813717,0.352471705317475,0
41031,0.171393050477992,0.341037314821758,0
41032,0.176745285939855,0.330089504304645,0
41033,0.182097516892257,0.322061101507766,0
41034,0.18501694265034,0.319384965738986,0
41035,0.192802123099847,0.314519265161106,0
41036,0.201803640759314,0.311113272952805,0
41037,0.210805153909319,0.307220718803748,0
41038,0.220049979595937,0.304544583034968,0
41039,0.229538108800243,0.301868447266187,0
41040,0.239512790926381,0.299435605996172,0
41041,0.249244165025369,0.297489326666912,0
41042,0.258488986202524,0.296272908286635,0
41043,0.267247263476772,0.295056467359048,0
41044,0.276492084653927,0.294813195407594,0
41045,0.286466766780065,0.294813195407594,0
41046,0.295954900493834,0.296029613787871,0
41047,0.300820583033865,0.298219183106433,0
41048,0.305141612742477,0.301448544194069,0
41049,0.310388741661911,0.306258408612331,0
41050,0.315854475775157,0.313035931719629,0
41051,0.320006062445678,0.319087472015343,0
41052,0.324628473034256,0.325169595482962,0
41053,0.328764303644229,0.332224851851018,0
41054,0.331927005863228,0.338793541768855,0
41055,0.33484643162131,0.345605521675995,0
41056,0.33703599643041,0.352417501583134,0
41057,0.338982293797518,0.358013054091073,0
41058,0.338252437357997,0.36190560824013,0
42001,0.337233240302295,0.5009327574316,0
42002,0.330013979307431,0.503999056370005,0
42003,0.321268774963787,0.506950566950869,0
42004,0.312960853159163,0.509136866909414,0
42005,0.304324953667156,0.511213848487936,0
42006,0.296563583177492,0.513181520705358,0
42007,0.289348795569023,0.514602614551047,0
42008,0.282024703108916,0.516023708396736,0
42009,0.273826086155929,0.516898228380154,0
42010,0.266283316350616,0.517226174501302,0
42011,0.262238662554672,0.516898228380154,0
42012,0.258194004249266,0.516133022267298,0
42013,0.252618965284382,0.513618780697067,0
42014,0.24704393082896,0.510885902366789,0
42015,0.241687429415958,0.507715773063725,0
42016,0.236003054033201,0.504108374750029,0
42017,0.229688941288282,0.499721781972067,0
42018,0.223380122651857,0.494962630964487,0
42019,0.217371796531367,0.490556543781904,0
42020,0.211363538052808,0.485616391984892,0
42021,0.208426155616677,0.482144935915408,0
43001,0.16135100600713,0.368360515410473,0
43002,0.153383620741812,0.357405340941765,0
43003,0.146013770769862,0.346649353923103,0
43004,0.13904232726424,0.335295809063763,0
43005,0.133066753366921,0.323543898323254,0
43006,0.130477334554162,0.317169972073152,0
43007,0.129680593772899,0.311194434251529,0
43008,0.13025920736333,0.299610500973931,0
43009,0.131726901990274,0.287542652809825,0
43010,0.132542289397285,0.27759484256829,0
43011,0.134173131853239,0.267157800784441,0
43012,0.136130058022497,0.256231509420429,0
43013,0.139105766376945,0.241270764663725,0
43014,0.142077280931647,0.227899055139924,0
43015,0.145643029853466,0.216904540123929,0
43016,0.149208846417216,0.210367263119021,0
43017,0.1548546884464,0.20234424461988,0
43018,0.161391947413459,0.19491549205409,0
43019,0.167632091451691,0.187783931077983,0
43020,0.17476365693726,0.180949485030703,0
43021,0.182786707002636,0.172926466531561,0
43022,0.191403995944591,0.165497750041468,0
43023,0.200318467457304,0.158069033551375,0
43024,0.207747215513632,0.151531738508619,0
44001,0.143088360955584,0.222387685270311,0
44002,0.134573391708487,0.220441405941051,0
44003,0.125571806407089,0.216548851791994,0
44004,0.118759862575646,0.211926418656106,0
44005,0.11194784659281,0.207060718078226,0
44006,0.106108995076644,0.20049201012254,0
44007,0.102216472493822,0.191977040875443,0
44008,0.101,0.183462076137808,0
44009,0.104406041812384,0.175433655303081,0
44010,0.110731441740919,0.169108255374546,0
44011,0.118516554548495,0.164242536758818,0
44012,0.12654497087376,0.160593254561214,0
44013,0.133843535268967,0.156943972363611,0
44014,0.140412243224652,0.152564869802184,0
44015,0.147710807619859,0.146239438307414,0
45001,0.124834725809298,0.161496441195149,0
45002,0.132158818269404,0.162370970197491,0
45003,0.139701583565255,0.162370970197491,0
45004,0.141997188375439,0.161387136343511,0
45005,0.152163500093158,0.155921402230265,0
46001,0.123849588720773,0.161750175098655,0
46002,0.126249298972802,0.156290772270185,0
46003,0.129488964181318,0.151671283813043,0
46004,0.132368616483752,0.147351733207997,0
46005,0.133928443930689,0.142012331675246,0
47001,0.20860774263618,0.167779280820464,0
47002,0.209260049856112,0.159625321070569,0
47003,0.209260049856112,0.15000366218427,0
47004,0.208281586771483,0.140055851942735,0
47005,0.206161584924608,0.129618778592651,0
47006,0.20306304784171,0.119670968351117,0
47007,0.19882304414796,0.110701621194211,0
47008,0.194419892625198,0.103526156095181,0
47009,0.193115273675872,0.101079962307912,0
47010,0.19327834935349,0.0984706928430252,0
47011,0.193441429540569,0.0914583079310741,0
47012,0.194746043980433,0.0836304995364148,0
47013,0.197355277369623,0.0772704218443955,0
47014,0.202748111518697,0.0700301422467227,0
47015,0.208129726126087,0.0643223717746354,0
47016,0.215142111038038,0.059593064387177,0
47017,0.223296106863629,0.0555161002953472,0
47018,0.233733117081244,0.0525806749657638,0
47019,0.245311733703036,0.0511129803388204,0
47020,0.257379581867142,0.0511129803388204,0
47021,0.269284349844169,0.0525806749657638,0
47022,0.28021065924603,0.0556791759729647,0
47023,0.288038467640689,0.0604084833604231,0
47024,0.296029315637269,0.0664424096972074,0
47025,0.302226353727367,0.0721501756598326,0
47026,0.307771007936678,0.0799779524882573,0
47027,0.313346872133125,0.0901170856779509,0
47028,0.319380798469909,0.100064895919485,0
47029,0.322642375154728,0.108381931346997,0
47030,0.325414720297232,0.11620970366596,0
47031,0.325740907728163,0.125994438229877,0
47032,0.325577795974849,0.132354551997593,0
47033,0.325414720297232,0.134800709709165,0
47034,0.328187065439736,0.135942284547108,0
47035,0.335036374674069,0.138714629689612,0
47036,0.344494953373289,0.14197620637443,0
47037,0.352043499799542,0.145632437653117,0
47038,0.359545152329504,0.150035557609643,0
47039,0.365905234530986,0.154275633454787,0
47040,0.372428387900622,0.158678748901852,0
47041,0.379114621457338,0.164223443696322,0
47042,0.38531162347174,0.170094289846027,0
47043,0.391345545299062,0.177595906300292,0
48001,0.387439643142214,0.173573750210723,0
48002,0.395267447027411,0.173084518668409,0
48003,0.405541413133643,0.172269099695163,0
48004,0.416304642348424,0.170475249203522,0
48005,0.426415564343272,0.168844442823265,0
48006,0.436363374584807,0.167702904061019,0
48007,0.445985033471107,0.166072097680761,0
48008,0.45511745630563,0.164278215622886,0
48009,0.464086803462535,0.16297359667356,0
48010,0.472729994754744,0.161505902046617,0
48011,0.482188573453964,0.159875095666359,0
48012,0.49034253771332,0.158407401039416,0
48013,0.499148809192609,0.156287363116844,0
48014,0.503062693097359,0.156776594659158,0
48015,0.508281232027132,0.159385864124045,0
48016,0.512847459227511,0.164604403053818,0
48017,0.51692442331934,0.170312173525905,0
48018,0.520512191944552,0.177487638624936,0
48019,0.523447581198439,0.185967754239527,0
48020,0.526056850663326,0.194121713989421,0
48021,0.527524545290269,0.202275642173081,0
48022,0.528503039941132,0.211408065007604,0
48023,0.528666120128212,0.221192817609369,0
48024,0.528847946149206,0.231033749089872,0
48025,0.528195638929274,0.240329252111474,0
48026,0.526564832549017,0.250766311933172,0
48027,0.523629407219433,0.259083347360683,0
48028,0.519878598992301,0.26642190617518,0
48029,0.515964710578088,0.269846563047078,0
48030,0.510583095970698,0.272455832511964,0
48031,0.501124517271478,0.274412772209608,0
48032,0.49150286289464,0.2758804848744,0
48033,0.48204428419542,0.27653281013218,0
48034,0.470954899115943,0.277185121861574,0
48035,0.459865514036465,0.277511273216809,0
48036,0.449102284821684,0.27653281013218,0
48037,0.439969857477699,0.275554333519165,0
48038,0.431000510320793,0.274412772209608,0
48039,0.423825045221763,0.273108139731896,0
49001,0.48996519043496,0.306619273806747,0
49002,0.48613910124767,0.295472573464085,0
49003,0.482551368698155,0.287644765069426,0
49004,0.477169754090765,0.277860016977123,0
50001,0.49402997446968,0.157019798968681,0
50002,0.487580374936219,0.164999815237317,0
50003,0.483863658242499,0.173854351489371,0
50004,0.481677358283953,0.184020667716553,0
50005,0.480474887669926,0.195717391659985,0
50006,0.48036558732775,0.205337156572207,0
50007,0.481240044178699,0.216651166977389,0
50008,0.482223873523217,0.227364084123614,0
50009,0.484410173481762,0.238842184835385,0
50010,0.48747100244265,0.248789877830906,0
50011,0.49239510957354,0.258234711689671,0
50012,0.497423628789699,0.265668158605498,0
50013,0.504201169934845,0.271243229136617,0
50014,0.50737130374737,0.272664322982306,0
51001,0.528169042121858,0.203915665893853,0
51002,0.534727978073192,0.203915665893853,0
51003,0.541177577606653,0.204134307163363,0
51004,0.546424706526086,0.204462253284511,0
51005,0.548064423603437,0.204790194896196,0
51006,0.549048289023651,0.206757889660928,0
51007,0.552218418326714,0.212770224693218,0
51008,0.554732659896945,0.219875711959512,0
51009,0.556372413049993,0.226543948253021,0
51010,0.557904304379272,0.234899760545058,0
51011,0.559106774993299,0.243098413573741,0
51012,0.558888138233251,0.251406371454063,0
51013,0.558232250500419,0.260151607363942,0
51014,0.557139116304263,0.268131619123116,0
51015,0.555273087362385,0.276689834111671,0
51016,0.553086751328143,0.284341917787546,0
51017,0.550572509757912,0.291884669555011,0
51018,0.547621017214897,0.295710704628755,0
51019,0.544778797957284,0.297569062975615,0
51020,0.539859610649536,0.29899017034969,0
51021,0.530895769545844,0.299318116470838,0
51022,0.520182870437467,0.298662210700157,0
51023,0.509797917450238,0.297350439743954,0
51024,0.500834040270849,0.295820023008779,0
51025,0.492635387242166,0.294617552394751,0
51026,0.485529904485334,0.293633705012385,0
52001,0.315925211197526,0.0944271393558318,0
52002,0.322816701940264,0.0943376535900868,0
52003,0.328902712564206,0.0951431291994209,0
52004,0.332572192642517,0.097380625081092,0
52005,0.335078213463355,0.100960614884196,0
52006,0.338658203266459,0.108926110684897,0
52007,0.342596208283937,0.118413103504756,0
52008,0.346539750920864,0.128852454133196,0
52009,0.349672244253311,0.137891950482398,0
52010,0.350925220842764,0.145230937695794,0
53001,0.246515200908186,0.0508061971232688,0
53002,0.248145971212746,0.0586340055179281,0
53003,0.251407583973262,0.0662987337255079,0
53004,0.255810735496023,0.0731480790355383,0
53005,0.261844661832807,0.0783666179653111,0
53006,0.268857046744758,0.0809759189964322,0
53007,0.275706428130486,0.0785296936429286,0
53008,0.278152585842058,0.0724957718156064,0
53009,0.278315661519675,0.0658095021831934,0
53010,0.277826429977361,0.0596125001687916,0
53011,0.277500274112664,0.0543939296727841,0
54001,0.278966385918413,0.0624706197897393,0
54002,0.27929433203956,0.0687015780536906,0
54003,0.281043385534783,0.0751512091533863,0
54004,0.283776268374524,0.0819287502985326,0
54005,0.288039567949439,0.0883783859076904,0
54006,0.29372397489843,0.0938441560966337,0
54007,0.300720157313086,0.0957025099340318,0
54008,0.305420739427021,0.0932975687059765,0
54009,0.305639376187069,0.0865200275608302,0
54010,0.304546210424679,0.0809449209540148,0
54011,0.303999627543484,0.0750419088112108,0
55001,0.325144508819243,0.111840751903701,0
55002,0.327658750389473,0.117525158852692,0
55003,0.331812745112751,0.121351211964284,0
55004,0.33760645691338,0.123428175504958,0
55005,0.342088397757805,0.123100233893272,0
55006,0.343290868371833,0.120476682961942,0
56001,0.480902123127405,0.221959277352687,0
56002,0.47393060747039,0.223552772443599,0
56003,0.468154239060966,0.225743820865727,0
56004,0.461581093794582,0.229129975950287,0
56005,0.456999827538128,0.233113688875525,0
56006,0.455207149506631,0.237495767681933,0
56007,0.456203091266327,0.241678681585604,0
56008,0.459987616741518,0.245064836670164,0
56009,0.465166449857575,0.246259943332596,0
56010,0.470942822776461,0.247455068032877,0
56011,0.476520026283149,0.247654255482923,0
56012,0.481698863908668,0.247255885092292,0
56013,0.485682590362292,0.246459130782643,0
57001,0.488256456040298,0.250105743378688,0
57002,0.483182761032906,0.251307406799001,0
57003,0.478109066025515,0.254111282100449,0
57004,0.473035371018123,0.257315732919492,0
57005,0.46889630712383,0.261855349784068,0
57006,0.4678281508382,0.265994413678361,0
57007,0.468762781951299,0.270801062850152,0
57008,0.472901845845592,0.274139016294415,0
57009,0.476506849634918,0.276008283030075,0
58001,0.420600833939835,0.42633765489282,0
58002,0.42407231255663,0.421530996702105,0
58003,0.427009694992761,0.416323790050568,0
58004,0.428878961728421,0.411116578889569,0
58005,0.429546542496457,0.406042883882178,0
58006,0.429146007564021,0.401102709537856,0
58007,0.427543755097728,0.396830124980493,0
58008,0.424472847489065,0.393225130210092,0
58009,0.419265631818604,0.391222360849211,0
58010,0.413791397369315,0.390955319523072,0
58011,0.407783071248825,0.392424019760062,0
58012,0.403243467912634,0.394426798139867,0
58013,0.39870383301021,0.396830124980493,0
58014,0.394965308557814,0.399500488637796,0
58015,0.390692755566687,0.402971967254591,0
58016,0.386954226604829,0.407111031148884,0
58017,0.384016844168698,0.411383615706246,0
58018,0.381747010934368,0.415122126630255,0
58019,0.379877780274405,0.419394706678155,0
58020,0.378676103325706,0.423266738265233,0
58021,0.377607947040075,0.427672838976203,0
58022,0.377874992875676,0.43141134539075,0
58023,0.379343684093742,0.436084487427858,0
58024,0.38228110260557,0.439288924718514,0
58025,0.38601959549173,0.441291703098319,0
58026,0.390559230394155,0.442092804529424,0
58027,0.395766414498382,0.441558730896071,0
58028,0.400840109505773,0.440624104292434,0
58029,0.405646794753261,0.438621334931553,0
58030,0.409652333475022,0.436218008090927,0
58031,0.412589720420616,0.434215229711122,0
59001,0.452106411806233,0.458525045389615,0
59002,0.456379000873057,0.454920046109751,0
59003,0.460384539594818,0.449979871765429,0
59004,0.463188432934115,0.445039697421106,0
59005,0.464523603489111,0.440099523076784,0
59006,0.464657128661643,0.435025832578854,0
59007,0.462787861925983,0.430886764175099,0
59008,0.457981217263654,0.428883994814219,0
59009,0.452373457641833,0.428082879854727,0
59010,0.446098085685742,0.429151027121433,0
59011,0.43995623439272,0.431020284838169,0
59012,0.434615525115963,0.433824164649079,0
59013,0.429675355281102,0.437028601939735,0
59014,0.425002195206146,0.440500076047068,0
59015,0.420462560303721,0.44477266060443,0
59016,0.417124638425693,0.44931228648793,0
59017,0.414721280018832,0.45438597698586,0
59018,0.413519634636367,0.459726708809928,0
59019,0.414454270258928,0.46466688315425,0
59020,0.417258127522527,0.46840539407826,0
59021,0.42139719141682,0.470007610468856,0
59022,0.426337397327377,0.470274651794995,0
59023,0.431811631776666,0.469340020681896,0
59024,0.437419386889025,0.46760428362823,0
59025,0.44115791134142,0.465601509757887,0
60001,0.38254340448705,0.414464020242073,0
60002,0.38361156077268,0.417935498858868,0
60003,0.386281897373211,0.42087290384231,0
60004,0.390020421825606,0.420605862516171,0
60005,0.393091329434269,0.418603084136366,0
60006,0.395761702110496,0.415799204325456,0
60007,0.397764489509225,0.412861803851476,0
60008,0.398565563883558,0.409390325234682,0
60009,0.397630964336694,0.406052371790419,0
60010,0.394960596169929,0.404316639246214,0
60011,0.391355628456299,0.403916086275931,0
61001,0.421026486576121,0.446484249488596,0
61002,0.421682369799491,0.450419611961288,0
61003,0.424852535178251,0.452824548679881,0
61004,0.429115834753167,0.45238728417871,0
61005,0.431958054010779,0.450638239702412,0
61006,0.43458160494211,0.448123980094332,0
61007,0.436221353585695,0.445172460494544,0
61008,0.436877241318528,0.441565053161923,0
61009,0.434909546553795,0.438613533562135,0
61010,0.431520775981222,0.437629695198693,0
62001,0.55190272441407,0.287588856758415,0
62002,0.546532703633717,0.287678360562008,0
62003,0.541878704263188,0.287678360562008,0
62004,0.536866698697209,0.287946871972789,0
62005,0.531317706385366,0.288215365345721,0
62006,0.526753197290044,0.288841869423565,0
62007,0.52344169635041,0.290542360521523,0
62008,0.520846225839523,0.293137867108106,0
62009,0.519861706547306,0.295822863969896,0
62010,0.521741223290299,0.298686863929411,0
63001,0.557183187277284,0.26476636539535,0
63002,0.551723716806883,0.265034872296668,0
63003,0.545279690968567,0.265840370453313,0
63004,0.539372719518047,0.266914371001814,0
63005,0.534629202815538,0.268525362805641,0
63006,0.529975207954471,0.271031365588631,0
63007,0.526484703917112,0.274521869625989,0
63008,0.525142205486217,0.278638864212806,0
63009,0.525768714073523,0.282576869230284,0
63010,0.528453706425851,0.285619858759138,0
63011,0.532660200306799,0.287409867189076,0
64001,1.36192083666856,0.407570473184621,0
64002,1.36235584643869,0.419316571228494,0
64003,1.36366097946669,0.433890444722901,0
64004,1.36735884209941,0.448246790784934,0
64005,1.3718386454588,0.462113652774776,0
64006,1.37670619040668,0.476716265071092,0
64007,1.38319624883402,0.488722865721071,0
64008,1.38773925681409,0.498782429452159,0
64009,1.39390480983987,0.509491022024238,0
64010,1.40039486826721,0.518901583971107,0
64011,1.40620860658899,0.528127605200803,0
64012,1.41373922790343,0.538828996161922,0
64013,1.42126984921787,0.549530405160889,0
64014,1.42919680715553,0.559439100328241,0
64015,1.43712376960266,0.570140509327209,0
64016,1.44544710474872,0.579652872380795,0
64017,1.45495945878338,0.589165226415457,0
64018,1.46526449057396,0.598677571431195,0
64019,1.47401106579408,0.606680459691559,0
64020,1.48391976096143,0.614607413119764,0
64021,1.49541387928255,0.620552642846669,0
64022,1.50341855779937,0.623476438273518,0
64023,1.50733392531714,0.623476438273518,0
64024,1.50994419137315,0.62043115342846,0
64025,1.50950918160303,0.616080735555398,0
64026,1.50820401249933,0.609337597096548,0
64027,1.50602882385538,0.60085429780172,0
64028,1.50276604314418,0.591283397420723,0
64029,1.49972069967611,0.581494974116815,0
64030,1.49602290468533,0.571053986553636,0
64031,1.49188996464056,0.561048049345741,0
64032,1.48688700505553,0.549301937773482,0
64033,1.48100508366693,0.5374916159705,0
64034,1.47600212408191,0.526833109993872,0
64035,1.47186925167907,0.517262209612875,0
64036,1.46838889393141,0.509648988481306,0
64037,1.46316842946133,0.502470813195558,0
65001,1.49209233577084,0.456424456777044,0
65002,1.49830818733678,0.46020526194601,0
65003,1.50439874349851,0.463033028377619,0
65004,1.51048929515078,0.466078317732139,0
65005,1.51614484154239,0.4686885657503,0
65006,1.52267047060671,0.470863767922638,0
65007,1.52854352188338,0.473256502036811,0
65008,1.53528666034223,0.475431699699687,0
65009,1.54246487621314,0.476954346631679,0
65010,1.54877293275047,0.47760691089095,0
65011,1.55377589233549,0.47673682821823,0
65012,1.5563861583915,0.47564922713206,0
65013,1.55682124031302,0.472821451681527,0
65014,1.55573357609438,0.469341125500109,0
65015,1.5531233776803,0.46368559263689,0
65016,1.54874327852775,0.456058568041858,0
65017,1.54273102917524,0.447094857712567,0
65018,1.53737466755557,0.438349775124399,0
65019,1.53103447208191,0.43015126188904,0
65020,1.5250222227294,0.422499313497028,0
65021,1.51824482137758,0.414410118641693,0
65022,1.5101555724087,0.405665036053525,0
65023,1.50358452404218,0.397974125909042,0
65024,1.4954953472247,0.389119729450312,0
65025,1.48685955145032,0.380702583964368,0
65026,1.47646093930241,0.372145257339845,0
65027,1.4691369189937,0.36547713829235,0
65028,1.46028258566744,0.35869969635537,0
65029,1.45230267311643,0.35378059021794,0
65030,1.44443210149276,0.349298739562756,0
66001,1.46501643408323,0.506221734159243,0
66002,1.47168449901718,0.513622514531679,0
66003,1.4793050886098,0.518531943363461,0
66004,1.48541050344912,0.522966025286708,0
66005,1.49164135799545,0.526901311098545,0
66006,1.49798155346911,0.530508659808159,0
66007,1.50410313923949,0.533788066906087,0
66008,1.51131782313033,0.537067474004016,0
66009,1.51798596021567,0.540237567231382,0
66010,1.52454476088314,0.542642463364817,0
66011,1.53099422062328,0.544500794654905,0
66012,1.53536682054037,0.545047364007713,0
66013,1.53711580639366,0.544391480784343,0
66014,1.53842758185933,0.542314521753132,0
66015,1.53777169412649,0.537176787874578,0
66016,1.53645991866083,0.530508659808159,0
66017,1.53471093280754,0.523731217871179,0
66018,1.53230599157948,0.517500345287007,0
66019,1.52869868345503,0.510067024636118,0
66020,1.52530337867188,0.503368804929163,0
66021,1.5210401828146,0.496482049121621,0
66022,1.51754214346608,0.490360490408011,0
66023,1.51306027477305,0.483145797498246,0
66024,1.50846913279461,0.476914920404612,0
66025,1.50344071729608,0.470028169106532,0
66026,1.49950539540855,0.464343865875169,0
66027,1.49557007352102,0.458659558134344,0
67001,1.24947569032913,0.301852555921777,0
67002,1.24148494605017,0.30152640005708,0
67003,1.23251573417713,0.302831000968557,0
67004,1.22370956641547,0.304787927137815,0
67005,1.21555574194944,0.306744853307073,0
67006,1.2049557282056,0.309680224523111,0
67007,1.19533420911263,0.313430996674547,0
67008,1.18603884588435,0.317181773335445,0
67009,1.17837421688493,0.320932531958495,0
67010,1.17038347260598,0.325498673479094,0
67011,1.16304499947127,0.330064833037542,0
67012,1.15489117500523,0.335120210609917,0
67013,1.14637028934387,0.342161875459229,0
67014,1.14229337936559,0.346728016979828,0
67015,1.14245645504321,0.3486849296207,0
67016,1.14473953707716,0.350315699925261,0
67017,1.15061029754709,0.354066472076697,0
67018,1.15631796430154,0.356675700956424,0
67019,1.16381951311388,0.359774156869004,0
67020,1.16969029162165,0.361241851495948,0
67021,1.17441949529148,0.361568007360645,0
68001,1.17279994001914,0.361807162173209,0
68002,1.16427348066264,0.364867937020552,0
68003,1.15574702130613,0.368912541212412,0
68004,1.14711122553175,0.374050284109891,0
68005,1.14011516036311,0.37875076701566,0
68006,1.13333772293559,0.384107137654261,0
68007,1.12579507939522,0.390665951850118,0
68008,1.11945488392156,0.396678210221553,0
68009,1.1137705806902,0.402581141194039,0
68010,1.10841421907052,0.40924927376992,0
68011,1.10380149029705,0.414854751603922,0
68012,1.10052209221805,0.419227292898006,0
68013,1.09789855932457,0.424474354175508,0
68014,1.09767993609291,0.427316505791189,0
68015,1.09877307028906,0.428409639987344,0
68016,1.10292699737041,0.429830720304647,0
68017,1.10839268187957,0.430377285147994,0
68018,1.11363972060976,0.430595912889117,0
68019,1.11987061123178,0.430377285147994,0
68020,1.12675737154879,0.430049343536309,0
68021,1.13462794317246,0.428846895469591,0
68022,1.14162402186949,0.427644447402874,0
68023,1.14829215895483,0.426223362576109,0
68024,1.15430440830734,0.424583663536607,0
68025,1.15977007026919,0.423053273858205,0
68026,1.16457988508337,0.421960135152587,0
68027,1.17092007604757,0.4201018038625,0
68028,1.17605783247343,0.417806217090165,0
68029,1.18163283536262,0.415292007086169,0
68030,1.18698916541606,0.413105734184396,0
68031,1.18994065344962,0.411466026125969,0
69001,1.17353402633411,0.419683857896929,0
69002,1.16817766471443,0.424602973053283,0
69003,1.16107228116576,0.430396599174132,0
69004,1.15440414408042,0.436627471758304,0
69005,1.14850119957955,0.442093156267467,0
69006,1.14358208442319,0.44701226691436,0
69007,1.13853353868589,0.45219630394967,0
69008,1.13230266610171,0.458645808784427,0
69009,1.12694630448204,0.464767372007499,0
69010,1.1210433554717,0.47220069716785,0
69011,1.11546837062036,0.478978143614292,0
69012,1.10921823361414,0.486236830836223,0
69013,1.10429911845778,0.492467703420394,0
69014,1.10080107459981,0.49869858502349,0
69015,1.09763098137244,0.503836327920968,0
69016,1.09544469494228,0.509629945022893,0
69017,1.09489813009893,0.512472105657499,0
69018,1.09555401783177,0.513893181465339,0
69019,1.09774029975246,0.514658374049809,0
69020,1.1016755855643,0.514658374049809,0
69021,1.10921823361414,0.513674549214754,0
69022,1.116542235885,0.511925531795228,0
69023,1.12321037297034,0.509848577273479,0
69024,1.12922262232285,0.507990245983391,0
69025,1.13545349490703,0.505694659211056,0
69026,1.14157506263956,0.503727009540945,0
69027,1.14725937038038,0.501212799536948,0
69028,1.15305301453908,0.49793339243902,0
69029,1.15950251035492,0.495528487286661,0
69030,1.1656240600496,0.492904958902641,0
69031,1.16988729198258,0.490500058259745,0
69032,1.17568090006559,0.487329965032378,0
69033,1.18092795683363,0.484597127287259,0
69034,1.18617501811113,0.481208401809306,0
69035,1.19175002100031,0.477928990201916,0
69036,1.19688777742618,0.474758896974549,0
69037,1.20246274423967,0.470932920523812,0
69038,1.20705395386004,0.467653508916422,0
69039,1.21278439339806,0.463580743133799,0
69040,1.21792214982392,0.45898956958913,0
69041,1.22262262822023,0.455382225388978,0
69042,1.2272138017649,0.451337616687655,0
69043,1.23191431172744,0.446965070884109,0
69044,1.23584959753928,0.442811152821687,0
69045,1.23978488335111,0.439313113473173,0
70001,1.25629782103543,0.483306677067824,0
70002,1.25706300911044,0.479152759005402,0
70003,1.25771889684327,0.474670899331294,0
70004,1.2581561433066,0.471500806103928,0
70005,1.25826547972447,0.470298353527748,0
70006,1.25717235003778,0.469095905461031,0
70007,1.25400221622525,0.465160615139732,0
70008,1.25126940102744,0.460678750956163,0
70009,1.24864585460557,0.455978268050393,0
70010,1.24580370298989,0.450840525152915,0
70011,1.24383607586709,0.445374840643752,0
70012,1.24175911232642,0.440892980969644,0
70013,1.23990079005525,0.43477141323711,0
70014,1.23770781609281,0.426082243469416,0
70015,1.23650537704502,0.418758232179627,0
70016,1.2355215477005,0.412199413474308,0
70017,1.23508430123718,0.403891572840001,0
70018,1.23519360608882,0.396895498652435,0
70019,1.23574018897001,0.38793177930422,0
70020,1.23584746456371,0.38110958095598,0
70021,1.23541021810038,0.376627716772411,0
71001,1.2444041282973,0.387257880779793,0
71002,1.24213432662921,0.380315049811142,0
71003,1.24146677742741,0.372971674891132,0
71004,1.24093268124674,0.366295867210772,0
71005,1.24053214631431,0.359219515579052,0
71006,1.24039862114178,0.352410191745084,0
71007,1.24026513204494,0.345200341997605,0
71008,1.24093268124674,0.338524529807782,0
71009,1.24200083753237,0.330513574119736,0
71010,1.24334133827156,0.324046838630327,0
71011,1.24507704375899,0.317237523815284,0
71012,1.24694627441896,0.310962273614669,0
71013,1.24921604001135,0.305221079009559,0
71014,1.25188637661189,0.298678791992268,0
71015,1.25522429848991,0.292804076724088,0
71016,1.25949678383911,0.287329932464041,0
71017,1.26390282592707,0.282122797963898,0
71018,1.2679082970069,0.279185447094001,0
71019,1.27034612574199,0.281831252220754,0
71020,1.27350194652184,0.284037786135704,0
71021,1.27453184453108,0.281533172267039,0
71022,1.27733567022845,0.277394162486291,0
71023,1.28120765221144,0.272854613263646,0
71024,1.28548016912687,0.268181556906318,0
71025,1.28921862593734,0.264576607230537,0
71026,1.29295708725726,0.260838163948459,0
71027,1.29709607900016,0.257633767242962,0
71028,1.30003342987006,0.25589806175553,0
72001,1.24375725497919,0.385566755834599,0
72002,1.23972711714172,0.382342643760837,0
72003,1.23577025806324,0.378678877170996,0
73001,1.53947381764973,0.441474836863319,0
73002,1.54387690153056,0.439517906184599,0
73003,1.54485536461519,0.433320971812129,0
73004,1.54420305739526,0.427124046458583,0
73005,1.5425722870907,0.420600951711953,0
73006,1.54012612937912,0.413914781287706,0
73007,1.53735381580285,0.407880922592853,0
73008,1.53507073827836,0.402336299949777,0
73009,1.53164611748216,0.398911679153576,0
73010,1.52789534082126,0.395487058357375,0
73011,1.52430764434744,0.392551669103488,0
74001,1.53891165006755,0.406293434105448,0
74002,1.54318413541674,0.408429692563163,0
74003,1.54625500694971,0.409497821792021,0
74004,1.54652205729477,0.407228047180698,0
74005,1.54612151785287,0.402955530265267,0
74006,1.54451930146228,0.397614870592593,0
74007,1.54251655013924,0.393208828504631,0
74008,1.53997977027748,0.388669279281985,0
74009,1.53704238784135,0.384129725549878,0
74010,1.53343748776965,0.378922582030811,0
74011,1.52916493477852,0.373982479837882,0
74012,1.52556003470682,0.369309405442705,0
74013,1.52227255116229,0.365894728010416,0
74014,1.51921178984333,0.363599132219157,0
74015,1.51713479473643,0.362615302874639,0
74016,1.51713479473643,0.360866285455113,0
74017,1.51691618954261,0.357040290966528,0
74018,1.51658824342147,0.352449103893472,0
74019,1.51560441407695,0.347857930348803,0
74020,1.51440197953862,0.3429387971546,0
74021,1.51276226246127,0.337582417497074,0
74022,1.51123188180179,0.332772602682894,0
74023,1.50948282830656,0.327853469488691,0
74024,1.50729655991425,0.322715713062827,0
74025,1.5049951108412,0.317550313634341,0
74026,1.50248083319527,0.31186599236513,0
74027,1.49996662319128,0.307493424014274,0
74028,1.49657792026063,0.303558120164588,0
75001,1.51178517476258,0.310577458667085,0
75002,1.50444181788041,0.307640107797188,0
75003,1.49830007030502,0.305370324166941,0
76001,1.51031968075313,0.310014032944978,0
76002,1.5083169294301,0.302804147121802,0
76003,1.50444491137141,0.295594261298626,0
76004,1.49977189108978,0.287850297332636,0
76005,1.49389712170805,0.280373383711708,0
76006,1.48708779336462,0.272629419745717,0
76007,1.47934382939863,0.265286026787858,0
76008,1.47106583689391,0.258476675897118,0
76009,1.46265429215988,0.252201407658655,0
76010,1.45464327784883,0.247261305465726,0
76011,1.44406865237657,0.241224953038337,0
76012,1.43258623160011,0.236551883152622,0
76013,1.42070327589122,0.233481007110194,0
76014,1.41095655609274,0.232546394034944,0
76015,1.40201095125374,0.23214584106466,0
77001,1.32662123639981,0.25496319164094,0
77002,1.32542612973737,0.258946850452633,0
77003,1.32462938895611,0.263926428476712,0
77004,1.32562533071581,0.269503564341469,0
77005,1.3296089895275,0.272889669821946,0
77006,1.33359264833919,0.275279869618424,0
77007,1.33837304342269,0.276674145693054,0
77008,1.34375097830901,0.276674145693054,0
77009,1.3497264845644,0.275678240009055,0
77010,1.35530362042916,0.272092933550145,0
77011,1.35968564963148,0.26771090434782,0
77012,1.36366930844317,0.262731339852128,0
77013,1.36844970352667,0.256955021046787,0
77014,1.37283173272899,0.250979532829247,0
77015,1.37681539154069,0.244605656183228,0
77016,1.38139658564575,0.238630167965688,0
77017,1.38657535111987,0.232853867198195,0
77018,1.39115658130063,0.22628082564944,0
77019,1.39553861050295,0.2203053374319,0
77020,1.39992063970528,0.214329831176512,0
77021,1.40410346341971,0.208951896290188,0
77022,1.40928222889383,0.203175591013233,0
77023,1.41426182946522,0.196602549464478,0
77024,1.41705038161448,0.189431936546657,0
77025,1.41884302357028,0.18166378833547,0
77026,1.41784711788628,0.17608668854641,0
77027,1.41505857024648,0.171903824246821,0
77028,1.41027813457783,0.168716906216391,0
77029,1.40270918734508,0.167521799553959,0
77030,1.39394513344989,0.16831853582576,0
77031,1.38318926367724,0.171306288953454,0
77032,1.3716366215571,0.175090746786714,0
77033,1.36187666197791,0.17927360657684,0
77034,1.35231586730146,0.183456466366966,0
77035,1.34474688399301,0.187440125178659,0
77036,1.33638119597899,0.192818060064983,0
77037,1.32921061913687,0.197200089267307,0
77038,1.32223920719748,0.202378854741433,0
77039,1.3134751533023,0.208155160018388,0
77040,1.30570700058165,0.214130643726465,0
77041,1.29853642373952,0.220504502334636,0
77042,1.2943535639494,0.22628082564944,0
77043,1.2933576582654,0.231857943476348,0
77044,1.29495113531846,0.237435079341104,0
77045,1.29933316452078,0.240621997371535,0
77046,1.30239632938304,0.241180002720208,0
77047,1.30362426042003,0.241572952737405,0
77048,1.30337867962399,0.242604433567845,0
77049,1.30215071702076,0.245305926041966,0
77050,1.30077543029099,0.248302125392157,0
77051,1.29994039966711,0.251150969049583,0
77052,1.30008775535988,0.254294506054692,0
77053,1.3011683667798,0.258076605439278,0
77054,1.30397442917037,0.260253219073251,0
77055,1.30741267305155,0.261579411289223,0
77056,1.31070359731566,0.262365293285769,0
77057,1.31433832747909,0.262463518389048,0
78001,1.35692183188179,0.180629795734645,0
78002,1.35643260033948,0.177205174938444,0
78003,1.35659564445086,0.175248248769186,0
78004,1.35887875805105,0.171334364864436,0
78005,1.3614879959497,0.167583588203538,0
78006,1.36458646088121,0.163995891729719,0
78007,1.36768492581271,0.160245115068821,0
78008,1.3706203150666,0.157798957357249,0
78009,1.37469724308273,0.155678919434677,0
78010,1.37910036303926,0.153721993265419,0
78011,1.38382960278478,0.152254298638476,0
78012,1.38790653080092,0.149645065249286,0
78013,1.39018964440111,0.147525063402411,0
78014,1.39165733902805,0.14410044260621,0
78015,1.39214657057036,0.140023514590076,0
78016,1.39149426335043,0.137088089260493,0
78017,1.38937425699409,0.133826548651371,0
78018,1.3870911433939,0.130728079210405,0
78019,1.38415575414002,0.128445001685913,0
78020,1.37958959458157,0.126161919651958,0
78021,1.3740449358628,0.124041917805082,0
78022,1.3671956942704,0.123063454720454,0
78023,1.35953103370475,0.121921911448745,0
78024,1.3518664092148,0.121106492475499,0
78025,1.3433660957195,0.120082993392962,0
78026,1.33504915950015,0.118289147410783,0
78027,1.3270583430698,0.116332185165829,0
78028,1.31874141135992,0.114212183318954,0
78029,1.31009831927588,0.111929101284999,0
78030,1.30080288840567,0.109482943573427,0
78031,1.29167056477931,0.106710634506619,0
78032,1.28155974650209,0.103775245252733,0
78033,1.27226431563188,0.100350624456532,0
78034,1.26655661280173,0.0993721252962059,0
78035,1.26231660459851,0.0998613929142171,0
78036,1.25872887655846,0.101166007354081,0
78037,1.25530425576226,0.103775245252733,0
78038,1.25383656113532,0.107526017404169,0
78039,1.25448886835525,0.111439869742684,0
78040,1.25576902347273,0.115000491406105,0
78041,1.25601460426877,0.116277553032589,0
78042,1.25537605541768,0.116670485011938,0
78043,1.25148742450064,0.118001732334915,0
78044,1.24824562631656,0.119720852020774,0
78045,1.24583882719012,0.121489106805582,0
78046,1.24495473812815,0.123895869856323,0
78047,1.24480738243538,0.126744731551596,0
78048,1.24623179524517,0.130330331125542,0
78049,1.24854033770209,0.132884481435284,0
78050,1.25114358252562,0.134849186426649,0
78051,1.25467197055401,0.137167185225579,0
78052,1.2570900523546,0.138486148773818,0
78053,1.25892195368737,0.13929217904699,0
78054,1.25892195368737,0.140171488079149,0
78055,1.25782279935933,0.143175786423257,0
78056,1.25701676908615,0.147425769556616,0
78057,1.25796936138676,0.151455911903549,0
78058,1.26038744318735,0.154973148032187,0
78059,1.26362174213598,0.158740023472752,0
78060,1.2675786327807,0.161377919002996,0
78061,1.27241480089134,0.163209815826303,0
78062,1.27754409305686,0.164675309835746,0
78063,1.28318628693121,0.165481371675152,0
78064,1.28846214112417,0.165994273383985,0
78065,1.29381124701934,0.166140835411423,0
78066,1.29864741062052,0.166140835411423,0
78067,1.30384998605449,0.166214118679873,0
78068,1.30861287089668,0.166140835411423,0
78069,1.31425510084673,0.165847747432243,0
78070,1.3196042067419,0.165408092916164,0
78071,1.32451365361153,0.164821871863184,0
78072,1.32847054425625,0.164675309835746,0
78073,1.33264724863062,0.164382217347104,0
79001,1.32598103708559,0.199963523712718,0
79002,1.32518274955883,0.195572962608117,0
79003,1.32438446654153,0.190916284617105,0
79004,1.32451750469216,0.186126563966006,0
79005,1.32544883487901,0.181203800654819,0
79006,1.32677932461235,0.176547154230042,0
79007,1.32837589966587,0.172156561559206,0
79008,1.33077072617046,0.168032085774779,0
79009,1.33369778644786,0.16324236512368,0
79010,1.33635872983885,0.160049251092336,0
79011,1.33981796526607,0.156856105494757,0
79012,1.34287806820356,0.154195162103763,0
79013,1.34580513299043,0.151401139976985,0
80001,1.41487939127974,0.268070863140356,0
80002,1.40889225512162,0.270332678551087,0
80003,1.40263900207708,0.271929253604607,0
80004,1.39651882776834,0.271663150246584,0
80005,1.38906816372624,0.27059878190911,0
80006,1.38387931509488,0.266740386935397,0
80007,1.3806861694973,0.260753255286737,0
80008,1.38015396729072,0.253568672055357,0
80009,1.37962176057467,0.24518666429803,0
80010,1.37935567976396,0.241860471530901,0
81001,1.40011110134618,0.256894864822485,0
81002,1.40104243153302,0.245585805806679,0
81003,1.40130854841943,0.237336854237826,0
81004,1.40184071455032,0.226027795222019,0
81005,1.40223987860628,0.216448371957669,0
82001,1.41744651531192,0.253254664681535,0
82002,1.41036604203184,0.248788534011202,0
82003,1.40197840195637,0.24388667205681,0
83001,1.41559469117563,0.275694307222487,0
83002,1.41483218623056,0.269376338887479,0
83003,1.41505003383474,0.262622675344108,0
83004,1.41668400585739,0.2563047070091,0
83005,1.42038761354481,0.251293918997885,0
83006,1.42420017885529,0.248679594425994,0
83007,1.42921098490435,0.246501001138163,0
84001,1.37544526814502,0.538811526505779,0
84002,1.37278428867833,0.533622655327107,0
84003,1.36999030262725,0.528832939185469,0
84004,1.36666410986012,0.523377982686622,0
84005,1.36280571939587,0.517257781321102,0
84006,1.35841512672503,0.511137579955581,0
84007,1.35375844422456,0.505948717795833,0
84008,1.35056529862698,0.502090331841044,0
84009,1.34944925185393,0.499902219078737,0
84010,1.34932969699496,0.498108751891375,0
84011,1.34912327185826,0.493220679872059,0
84012,1.34921244647112,0.486621018968576,0
84013,1.34956918550772,0.481537493333825,0
84014,1.35073498066656,0.474090427842481,0
84015,1.35162684855064,0.469096090348977,0
84016,1.35367807659116,0.463299091150484,0
84017,1.35626443347916,0.458037198252162,0
84018,1.35858326201911,0.453221228022228,0
84019,1.36134796813283,0.448851180460681,0
84020,1.36560751583529,0.443296298791346,0
85001,1.39377627664187,0.575904787868765,0
85002,1.39297798911511,0.566990586923777,0
85003,1.39217970158835,0.558342475808427,0
85004,1.39084921185501,0.548629978317755,0
85005,1.3883213111241,0.539582721184293,0
85006,1.38459595881047,0.530535464050831,0
85007,1.38073756834622,0.525479644551171,0
85008,1.37741138008856,0.5237500223281,0
86001,1.39497368763943,0.574175174664619,0
86002,1.39829991197279,0.568853256316397,0
86003,1.4008278127037,0.563265243629076,0
87001,1.37696573700682,0.655186258696967,0
87002,1.38295290473117,0.649598250519108,0
87003,1.38880699822921,0.642945855965927,0
87004,1.39333063356013,0.635495173885986,0
87005,1.39692294321367,0.629241920841454,0
87006,1.40024913147134,0.621791238761512,0
87007,1.40277703220224,0.614074462342472,0
87008,1.40477276680226,0.605958535395858,0
87009,1.4058371396492,0.598507862334841,0
87010,1.40663542717596,0.590125841049127,0
87011,1.40623626762946,0.581743819763414,0
87012,1.40503885212244,0.574293137683473,0
87013,1.40317392348931,0.567345174946962,0
87014,1.4006460227584,0.561624115090091,0
88001,1.36988911931683,0.678054083682439,0
88002,1.3771909485626,0.678492186943559,0
88003,1.38193714839505,0.678346157032648,0
88004,1.38354356309485,0.677688997631505,0
88005,1.38975009360265,0.675060323951239,0
88006,1.39435024548635,0.67235866462702,0
88007,1.39865830147252,0.66951095284458,0
88008,1.40303940172566,0.66607908985226,0
88009,1.40676334257765,0.662063093687908,0
88010,1.41034123548088,0.657901045065335,0
88011,1.41311592103421,0.652205630519378,0
88012,1.41377311200159,0.647386422495662,0
88013,1.41384612019285,0.644976818483804,0
88014,1.41231274976,0.645268878305627,0
88015,1.40625223112526,0.648262638036827,0
88016,1.39851228959946,0.650599215819574,0
88017,1.39113745216244,0.650818267450134,0
88018,1.38252130411439,0.650234134278102,0
89001,1.37791622789809,0.678541696327862,0
89002,1.37813408001174,0.683770368018955,0
89003,1.37802515395491,0.689979410297141,0
89004,1.37682691772579,0.695752721291268,0
89005,1.37464828836226,0.70130818017175,0
89006,1.37192503773355,0.705883268465139,0
89007,1.36876605131132,0.711002996061561,0
89008,1.36473560232096,0.71568702844962,0
89009,1.3603783796696,0.720153172648339,0
89010,1.35591223547088,0.723421085127396,0
89011,1.35053378650588,0.725563584680646,0
89012,1.34838164572268,0.725623362110132,0
89013,1.34856099604898,0.724427723331173,0
89014,1.349158810929,0.721199467061749,0
89015,1.3501751174195,0.71695491783021,0
89016,1.35095228262583,0.712889723434439,0
89017,1.35155009299638,0.708226696120803,0
89018,1.35160988846372,0.703025635866097,0
89019,1.35131098327844,0.69836260855246,0
89020,1.35077293229952,0.694895238055631,0
89021,1.34993597162586,0.691607204356722,0
90001,1.3514971789682,0.700278624881624,0
90002,1.34602081154334,0.701885039581428,0
90003,1.33974124127804,0.703491436243384,0
90004,1.3336807226433,0.704148595644526,0
90005,1.32820432365221,0.704586721452957,0
90006,1.32177873700439,0.704586721452957,0
90007,1.31615632614023,0.704002565733615,0
90008,1.31148313449904,0.70217709940325,0
90009,1.30943861202865,0.700716732652206,0
90010,1.30805128954457,0.699475422041184,0
90011,1.30900050876753,0.69889128435969,0
90012,1.31228634184894,0.696700736487854,0
90013,1.31644838596205,0.693926032896676,0
90014,1.31988026699222,0.690786247764027,0
90015,1.32287400417611,0.687792488032827,0
90016,1.32564868972944,0.684579681180529,0
90017,1.32747415605981,0.681366887856617,0
90018,1.32769321219983,0.679103313755671,0
90019,1.32762020400857,0.677058795794746,0
91001,1.24495346645984,0.609330088842165,0
91002,1.24515194592433,0.613895233771642,0
91003,1.24673984928225,0.61885734664904,0
91004,1.24932014996266,0.625208847344161,0
91005,1.25170193510288,0.631758832013243,0
91006,1.25496646999483,0.638284307755856,0
91007,1.25882486496854,0.644936720346886,0
91008,1.26361461718588,0.651988278956027,0
91009,1.26933566802382,0.657177141115775,0
91010,1.27492371227738,0.662632124671395,0
91011,1.28277353586597,0.667155760002319,0
91012,1.29049032130393,0.67114719763612,0
91013,1.29887238317481,0.673941215253436,0
91014,1.30765353695024,0.675936936325067,0
91015,1.31709997166805,0.677001322700389,0
91016,1.32468371444593,0.677001322700389,0
91017,1.33186829767731,0.676336077833717,0
91018,1.3401172808124,0.674340361271547,0
92001,1.18042035374275,0.575701641111002,0
92002,1.18510438613081,0.577880261455606,0
92003,1.19098661867229,0.580712451669527,0
92004,1.19686888728948,0.583871438091762,0
92005,1.20318685562449,0.587684007911701,0
92006,1.20950482395949,0.591060859975966,0
92007,1.21462458763161,0.594110920341379,0
92008,1.21952646762385,0.597052045631047,0
92009,1.22399261182257,0.599557448655578,0
92010,1.22889449181481,0.602825365644097,0
92011,1.23368744575023,0.605330764159166,0
92012,1.23837144206259,0.607836176202622,0
92013,1.24131257637119,0.609579065263165,0
92014,1.24240189105295,0.609361204130597,0
92015,1.24713226267346,0.609221618241015,0
92016,1.25261416771777,0.608536373909966,0
92017,1.25667668349306,0.607459568476044,0
92018,1.26127759296638,0.60574647343154,0
92019,1.26534007266597,0.603397079757528,0
92020,1.26905995049262,0.600411391963472,0
92021,1.27246716476515,0.597367757581539,0
92022,1.27535497017504,0.594333119576479,0
92023,1.27790014214576,0.590760087873383,0
92024,1.28010271675299,0.587578621782621,0
92025,1.28220737740983,0.58395663986852,0
92026,1.28492471162428,0.579677007021909,0
92027,1.28779428527894,0.574296587421973,0
92028,1.29090296865155,0.568975954270447,0
92029,1.29431055720943,0.56431292695681,0
92030,1.30016922330202,0.559231421561076,0
92031,1.30537028806619,0.555465132350583,0
92032,1.31179648800086,0.552399572963961,0
92033,1.31797171382282,0.549961992249287,0
92034,1.32398440961208,0.549961992249287,0
92035,1.32918457699329,0.552399572963961,0
92036,1.33259718909194,0.556299703009332,0
92037,1.33405975646049,0.558737283724006,0
93001,1.19653630093184,0.563137310189538,0
93002,1.19263617539593,0.568987512021788,0
93003,1.18694849908692,0.573375160013878,0
93004,1.18027269140656,0.576180902232632,0
93005,1.17456485329254,0.577518679256717,0
93006,1.1684110970196,0.578678079998309,0
93007,1.16270325890558,0.579034823544373,0
93008,1.15654950263264,0.579124007176158,0
93009,1.15119840806468,0.578053785556889,0
93010,1.14540438511117,0.576092525794562,0
93011,1.14168044425918,0.572441611171681,0
93012,1.13912479680802,0.568352575249832,0
93013,1.13824858126686,0.56331430206717,0
93014,1.13854065912653,0.557618869483365,0
93015,1.13963592629825,0.552142484020658,0
93016,1.14241062988943,0.546447051436854,0
93017,1.14576946665264,0.541773868814587,0
93018,1.15118481654594,0.536772063651859,0
93019,1.15731837493817,0.532390958889263,0
93020,1.16498530827272,0.529543238087899,0
93021,1.1725061936585,0.527206651286228,0
93022,1.18068427001166,0.525600245605348,0
93023,1.18959251846669,0.524651003835072,0
93024,1.2007643365132,0.524285913274676,0
93025,1.21277125282552,0.524210754069996,0
93026,1.22219064429917,0.524429810210018,0
93027,1.23000358950677,0.524867917980601,0
93028,1.23913092115859,0.525671120821041,0
93029,1.24767406552484,0.526255272030921,0
93030,1.256969739906,0.527651694609507,0
93031,1.26551288427225,0.529039044150365,0
93032,1.27354491718611,0.530937523181454,0
93033,1.28179600173053,0.53261694607252,0
93034,1.28990104283566,0.534953537383654,0
93035,1.29676476431083,0.536998050835116,0
93036,1.30421264601482,0.539772749916832,0
93037,1.30972072848657,0.541909292470659,0
93038,1.31614635121009,0.544903047692397,0
93039,1.32096559080004,0.547239634494068,0
93040,1.32622290208487,0.55067150199585,0
94001,1.33374980760255,0.570353491221793,0
94002,1.33327155209096,0.566108937480792,0
94003,1.3333313475583,0.561983947617688,0
94004,1.33464655923408,0.559473083634563,0
94005,1.3372769870951,0.557858957754582,0
94006,1.34050522532667,0.556962219651439,0
94007,1.3443911099813,0.557022001590387,0
95001,1.25195387874993,0.525880075765978,0
95002,1.24890381838452,0.521631779171441,0
95003,1.24520017913087,0.516838825236022,0
95004,1.24095188253633,0.512154801866887,0
95005,1.23735716483003,0.506926125666333,0
95006,1.23430710446462,0.502459963429766,0
95007,1.23103919649503,0.497449152871241,0
95008,1.22896949318832,0.492982990634674,0
95009,1.22820698824326,0.488407897831823,0
95010,1.22798914063907,0.484486392936138,0
95011,1.2288605671315,0.483070291064984,0
95012,1.23093023887197,0.482634568799849,0
95013,1.23474284025814,0.483288152197552,0
95014,1.23855540556862,0.48481318463499,0
95015,1.24182331353821,0.486991800470131,0
95016,1.24541802673505,0.489279342362095,0
95017,1.24857704472352,0.49156688876352,0
95018,1.25238961003399,0.494399092505828,0
95019,1.25598432774029,0.496686638907253,0
95020,1.25968796699394,0.499192041931784,0
95021,1.26350053230442,0.502459963429766,0
95022,1.26785779103148,0.505510028304641,0
95023,1.27286859257108,0.509213672067758,0
95024,1.27700796761825,0.512590524132023,0
95025,1.28234557889455,0.517492413143188,0
95026,1.28713853282997,0.521740705228263,0
95027,1.29236718648322,0.526206871974292,0
95028,1.29770479775952,0.531544474231669,0
95029,1.30173524674987,0.535465979127353,0
95030,1.30511208077629,0.539387484023038,0
96001,1.23434956105021,0.482416234173761,0
96002,1.23953386865325,0.48270830752397,0
96003,1.24413402053694,0.482854341944343,0
96004,1.25041362687794,0.483073398084365,0
96005,1.25472168286411,0.483584527574597,0
96006,1.26158544492445,0.485263954975125,0
96007,1.26771900331668,0.486578287305797,0
96008,1.27334141418084,0.488549783547072,0
96009,1.28027814384728,0.491251465418601,0
96010,1.28648474650648,0.494099190729428,0
96011,1.29203415368883,0.497823131581419,0
96012,1.29751051660423,0.502934421974268,0
96013,1.30205507132979,0.508956777031325,0
96014,1.30614411176111,0.514506179704219,0
96015,1.30942994484251,0.519252384046134,0
96016,1.31264276973266,0.523998579369126,0
96017,1.31527144341293,0.528598744781206,0
96018,1.31855724041864,0.533344944613659,0
96019,1.32198912144881,0.538602278445806,0
96020,1.32469782004335,0.543666828264076,0
96021,1.32718044577486,0.548778118656925,0
97001,1.25360518965432,0.633848575369483,0
97002,1.25316945837026,0.628837755792034,0
97003,1.25338730597444,0.623609084100942,0
97004,1.25491235194027,0.618925051712883,0
97005,1.2580713383625,0.61533033851605,0
97006,1.26090354661427,0.61293386154834,0
97007,1.26569650054969,0.612498143792667,0
97008,1.27038053293775,0.61315172719037,0
97009,1.27571814421405,0.615874995856932,0
97010,1.27887712612682,0.618816130165523,0
97011,1.283016501174,0.623826940724048,0
97012,1.28563082574589,0.627966315771225,0
97013,1.2883541124503,0.632432468988868,0
97014,1.28955235318889,0.637770080265168,0
97015,1.29064163179495,0.642998760975185,0
97016,1.29107736307901,0.648445307327232,0
97017,1.29085951547483,0.653238243224803,0
97018,1.28955235318889,0.658358006896922,0
97019,1.28672014042766,0.662279511792607,0
97020,1.28367008006224,0.663368812945984,0
97021,1.27833246878594,0.662497381944099,0
97022,1.27310378356646,0.660754483864631,0
98001,1.28585565850685,0.631668940395909,0
98002,1.28552888484585,0.635481505706386,0
98003,1.28411280101254,0.639185162997889,0
98004,1.28073593091043,0.641472700380391,0
98005,1.27681444405259,0.640819116982687,0
98006,1.27180360192784,0.637551199994168,0
98007,1.27038751809453,0.632976102681855,0
98008,1.27027859203771,0.628509940445288,0
98009,1.27158575432365,0.624370565398111,0
98010,1.2735465000073,0.623172338187911,0
98011,1.2771412177136,0.623934852151899,0
98012,1.28030019962637,0.625024157814739,0
98013,1.2824788289899,0.625786671778726,0
99001,1.30644614651307,0.625735124117558,0
99002,1.30394074799801,0.620833244125317,0
99003,1.30176215020071,0.615277767206986,0
99004,1.30023710423489,0.609831229873864,0
99005,1.29969244689401,0.604057896332427,0
99006,1.30001925663071,0.597630988412211,0
99007,1.30187107625753,0.592511233759016,0
99008,1.30492113662295,0.589352238317856,0
99009,1.30916943321748,0.587609353766775,0
99010,1.31407131320973,0.586737904727041,0
99011,1.31951785054285,0.587064696425893,0
99012,1.3235482995332,0.588480793787585,0
99013,1.32757874852356,0.591421928096176,0
99014,1.33084665649315,0.594798784669903,0
99015,1.3335699386881,0.599156016340186,0
99016,1.33574856805163,0.603731104633575,0
99017,1.3378182397921,0.608306201945888,0
99018,1.33956113336211,0.613643804203265,0
99019,1.34043256436399,0.619308216197342,0
99020,1.34075937410069,0.62497261015357,0
99021,1.34075937410069,0.630528078052977,0
99022,1.33825393500046,0.636083550461845,0
99023,1.33433244814263,0.64022292099956,0
99024,1.32845017952544,0.64207474513585,0
99025,1.32267683245562,0.641094370039294,0
99026,1.31799283614326,0.638806819128407,0
99027,1.31418023926655,0.635647823687247,0
99028,1.31145698863783,0.632597767831296,0
100001,1.33738250399858,0.612881290239277,0
100002,1.33629318931681,0.61723852190956,0
100003,1.33367886474492,0.620397521860181,0
100004,1.32910375841369,0.621051105257885,0
100005,1.32474653576233,0.619526063801523,0
100006,1.32191432751056,0.61636708188875,0
100007,1.32038931311097,0.612881290239277,0
100008,1.31973573422273,0.60765260952926,0
100009,1.32071608677197,0.602968590669587,0
100010,1.32376614713738,0.599591738605322,0
100011,1.32801447980762,0.599591738605322,0
100012,1.33095557804051,0.60144355823215,0
100013,1.33324313346086,0.603513248010469,0
