Punkt,Nord,Ost
101,0.053,0.147
102,0.063,0.151
103,0.079,0.161
104,0.102,0.173
105,0.125,0.184
106,0.148,0.192
107,0.175,0.195
108,0.204,0.196
109,0.227,0.194
110,0.243,0.192
201,0.248,0.166
202,0.241,0.192
203,0.238,0.217
204,0.235,0.245
205,0.234,0.268
206,0.235,0.275
207,0.248,0.293
208,0.265,0.313
209,0.287,0.33
210,0.298,0.332
211,0.321,0.327
212,0.349,0.317
213,0.355,0.31
214,0.362,0.286
215,0.364,0.258
216,0.36,0.237
217,0.349,0.215
218,0.33,0.191
219,0.31,0.17
220,0.29,0.148
301,0.305,0.164
302,0.325,0.147
303,0.344,0.126
304,0.36,0.101
305,0.374,0.073
306,0.383,0.042
307,0.387,0.009
308,0.384,-0.026
309,0.377,-0.056
310,0.357,-0.033
311,0.349,-0.029
312,0.327,-0.03
313,0.294,-0.039
314,0.311,-0.051
315,0.328,-0.066
316,0.334,-0.082
317,0.329,-0.094
318,0.318,-0.1
319,0.305,-0.097
320,0.296,-0.09
321,0.295,-0.079
322,0.298,-0.067
323,0.309,-0.06
324,0.326,-0.062
325,0.339,-0.079
326,0.35,-0.101
327,0.356,-0.121
328,0.356,-0.13
329,0.369,-0.106
330,0.379,-0.08
331,0.38,-0.068
332,0.375,-0.058
401,0.298,-0.042
402,0.285,-0.053
403,0.274,-0.069
404,0.272,-0.095
405,0.279,-0.114
406,0.293,-0.129
407,0.311,-0.137
408,0.329,-0.136
409,0.345,-0.131
410,0.354,-0.125
411,0.344,-0.134
412,0.335,-0.158
413,0.326,-0.197
414,0.317,-0.246
415,0.31,-0.273
416,0.308,-0.283
417,0.305,-0.291
418,0.294,-0.294
419,0.284,-0.286
420,0.273,-0.276
421,0.27,-0.267
422,0.275,-0.258
423,0.284,-0.255
424,0.293,-0.258
425,0.302,-0.265
426,0.306,-0.27
427,0.303,-0.289
428,0.287,-0.292
429,0.269,-0.289
430,0.249,-0.282
431,0.224,-0.273
432,0.2,-0.262
433,0.179,-0.249
434,0.154,-0.23
435,0.136,-0.214
436,0.119,-0.195
437,0.106,-0.175
438,0.094,-0.149
439,0.085,-0.124
440,0.082,-0.095
441,0.085,-0.069
442,0.094,-0.046
443,0.1,-0.037
501,0.116,-0.039
502,0.108,-0.04
503,0.1,-0.037
504,0.096,-0.028
505,0.099,-0.019
601,0.342,0.129
602,0.356,0.156
603,0.373,0.18
604,0.385,0.191
605,0.408,0.198
606,0.436,0.204
607,0.453,0.206
608,0.462,0.204
609,0.482,0.185
610,0.498,0.159
611,0.501,0.145
612,0.497,0.13
613,0.479,0.102
614,0.466,0.082
615,0.459,0.076
616,0.449,0.074
617,0.421,0.073
618,0.375,0.071
701,0.278,-0.016
702,0.269,0.004
703,0.258,0.021
704,0.244,0.036
705,0.232,0.047
706,0.214,0.053
707,0.202,0.048
708,0.195,0.036
709,0.197,0.02
710,0.208,0.011
711,0.221,0.008
712,0.235,0.015
713,0.24,0.029
714,0.231,0.045
715,0.216,0.057
716,0.198,0.066
717,0.189,0.069
718,0.21,0.079
719,0.232,0.088
720,0.248,0.091
721,0.255,0.091
722,0.279,0.072
723,0.295,0.054
724,0.299,0.041
725,0.291,0.012
726,0.28,-0.015
801,0.275,-0.009
802,0.261,-0.023
803,0.242,-0.031
804,0.218,-0.031
805,0.198,-0.023
806,0.182,-0.006
807,0.174,0.021
808,0.179,0.047
809,0.195,0.067
901,0.308,-0.28
902,0.327,-0.287
903,0.348,-0.288
904,0.368,-0.284
1001,0.303,-0.292
1002,0.317,-0.306
1003,0.334,-0.316
1004,0.352,-0.322
1005,0.373,-0.323
1101,0.292,-0.294
1102,0.299,-0.311
1103,0.309,-0.328
1104,0.325,-0.341
1201,0.268,-0.233
1202,0.255,-0.22
1203,0.244,-0.205
1204,0.237,-0.191
1205,0.229,-0.172
1206,0.224,-0.15
1207,0.221,-0.127
1208,0.222,-0.107
1209,0.224,-0.091
1301,0.251,-0.238
1302,0.237,-0.23
1303,0.225,-0.221
1304,0.213,-0.211
1305,0.202,-0.199
1306,0.192,-0.186
1307,0.183,-0.169
1308,0.175,-0.151
1309,0.17,-0.133
1310,0.168,-0.113
1311,0.168,-0.093
1312,0.17,-0.077
1401,0.252,-0.255
1402,0.229,-0.249
1403,0.208,-0.24
1404,0.187,-0.227
1405,0.17,-0.213
1406,0.154,-0.195
1407,0.145,-0.182
1408,0.137,-0.165
1409,0.133,-0.152
1410,0.13,-0.139
1501,0.002,-0.244
1502,-0.004,-0.226
1503,-0.004,-0.207
1504,0.003,-0.186
1505,0.013,-0.172
1506,0.024,-0.165
1507,0.034,-0.163
1508,0.039,-0.173
1509,0.042,-0.185
1510,0.039,-0.198
1511,0.035,-0.186
1512,0.031,-0.174
1513,0.026,-0.165
1514,0.036,-0.162
1515,0.053,-0.164
1516,0.063,-0.166
1517,0.066,-0.174
1518,0.067,-0.188
1519,0.064,-0.199
1520,0.061,-0.189
1521,0.058,-0.177
1522,0.051,-0.164
1523,0.065,-0.168
1524,0.077,-0.178
1525,0.082,-0.192
1526,0.082,-0.213
1527,0.075,-0.235
1528,0.064,-0.254
1529,0.048,-0.269
1530,0.027,-0.28
1531,0.004,-0.285
1532,-0.018,-0.286
1533,-0.042,-0.284
1534,-0.064,-0.278
1535,-0.077,-0.269
1536,-0.082,-0.261
1601,0.127,-0.202
1602,0.106,-0.201
1603,0.083,-0.2
1701,-0.002,-0.235
1702,-0.026,-0.244
1703,-0.055,-0.254
1704,-0.078,-0.26
1705,-0.102,-0.264
1706,-0.133,-0.266
1707,-0.156,-0.265
1708,-0.181,-0.262
1709,-0.209,-0.254
1710,-0.233,-0.242
1711,-0.253,-0.225
1712,-0.27,-0.205
1713,-0.284,-0.182
1714,-0.295,-0.159
1715,-0.305,-0.131
1716,-0.312,-0.102
1717,-0.316,-0.072
1718,-0.317,-0.04
1719,-0.313,-0.008
1720,-0.304,0.023
1721,-0.289,0.051
1722,-0.268,0.072
1723,-0.242,0.089
1724,-0.212,0.104
1725,-0.186,0.114
1726,-0.157,0.12
1727,-0.129,0.125
1728,-0.099,0.129
1729,-0.07,0.131
1801,-0.073,0.12
1802,-0.064,0.145
1803,-0.054,0.167
1804,-0.044,0.191
1805,-0.033,0.215
1806,-0.021,0.237
1807,-0.013,0.243
1808,0.01,0.262
1809,0.035,0.276
1810,0.06,0.291
1811,0.086,0.306
1812,0.095,0.312
1813,0.105,0.325
1814,0.118,0.336
1815,0.134,0.34
1816,0.15,0.339
1817,0.164,0.332
1818,0.158,0.329
1819,0.148,0.327
1820,0.139,0.322
1821,0.143,0.33
1822,0.15,0.334
1823,0.155,0.336
1824,0.166,0.332
1825,0.175,0.322
1826,0.18,0.31
1827,0.18,0.295
1828,0.176,0.297
1829,0.167,0.3
1830,0.159,0.3
1831,0.147,0.298
1832,0.156,0.306
1833,0.167,0.308
1834,0.174,0.306
1835,0.179,0.304
1836,0.18,0.292
1837,0.174,0.277
1838,0.164,0.266
1839,0.153,0.256
1840,0.142,0.247
1841,0.13,0.238
1842,0.117,0.229
1843,0.103,0.218
1844,0.089,0.208
1845,0.075,0.198
1846,0.067,0.181
1847,0.058,0.158
1848,0.05,0.136
1849,0.043,0.115
1901,-0.269,-0.206
1902,-0.311,-0.197
1903,-0.346,-0.192
1904,-0.38,-0.184
1905,-0.411,-0.178
1906,-0.428,-0.174
1907,-0.434,-0.174
1908,-0.44,-0.178
1909,-0.455,-0.195
1910,-0.46,-0.199
1911,-0.468,-0.2
1912,-0.482,-0.197
1913,-0.496,-0.193
1914,-0.499,-0.191
1915,-0.5,-0.186
1916,-0.501,-0.171
1917,-0.496,-0.173
1918,-0.484,-0.176
1919,-0.468,-0.181
1920,-0.478,-0.183
1921,-0.487,-0.183
1922,-0.501,-0.18
1923,-0.501,-0.155
1924,-0.497,-0.155
1925,-0.485,-0.158
1926,-0.468,-0.161
1927,-0.479,-0.165
1928,-0.488,-0.164
1929,-0.5,-0.161
1930,-0.5,-0.134
1931,-0.5,-0.104
1932,-0.499,-0.092
1933,-0.497,-0.088
1934,-0.491,-0.088
1935,-0.462,-0.089
1936,-0.435,-0.09
1937,-0.411,-0.09
1938,-0.387,-0.091
1939,-0.365,-0.093
1940,-0.343,-0.093
1941,-0.324,-0.093
1942,-0.313,-0.094
2001,-0.316,-0.067
2002,-0.344,-0.064
2003,-0.375,-0.06
2004,-0.413,-0.056
2005,-0.444,-0.053
2006,-0.47,-0.05
2007,-0.49,-0.048
2008,-0.495,-0.047
2009,-0.497,-0.042
2010,-0.498,-0.03
2011,-0.499,-0.011
2012,-0.499,0.008
2013,-0.499,0.024
2014,-0.487,0.023
2015,-0.477,0.024
2016,-0.466,0.02
2017,-0.476,0.016
2018,-0.487,0.016
2019,-0.5,0.017
2020,-0.499,0.042
2021,-0.491,0.044
2022,-0.48,0.044
2023,-0.465,0.041
2024,-0.471,0.038
2025,-0.481,0.037
2026,-0.491,0.037
2027,-0.499,0.036
2028,-0.5,0.048
2029,-0.498,0.051
2030,-0.49,0.055
2031,-0.477,0.059
2032,-0.465,0.061
2033,-0.461,0.061
2034,-0.456,0.056
2035,-0.447,0.045
2036,-0.437,0.037
2037,-0.434,0.035
2038,-0.428,0.034
2039,-0.408,0.035
2040,-0.388,0.036
2041,-0.363,0.037
2042,-0.337,0.037
2043,-0.316,0.038
2044,-0.296,0.039
2045,-0.291,0.046
2046,-0.304,0.048
2047,-0.322,0.052
2048,-0.339,0.057
2049,-0.358,0.066
2050,-0.377,0.078
2051,-0.392,0.091
2052,-0.406,0.106
2053,-0.419,0.124
2054,-0.429,0.144
2055,-0.435,0.165
2056,-0.439,0.189
2057,-0.44,0.211
2058,-0.438,0.23
2059,-0.435,0.249
2060,-0.43,0.267
2061,-0.424,0.282
2062,-0.417,0.299
2063,-0.427,0.285
2064,-0.435,0.269
2065,-0.443,0.25
2066,-0.449,0.229
2067,-0.452,0.207
2068,-0.452,0.184
2069,-0.451,0.161
2070,-0.447,0.138
2071,-0.44,0.116
2072,-0.427,0.093
2073,-0.412,0.073
2074,-0.394,0.057
2075,-0.381,0.045
2076,-0.368,0.036
